"species","lbd_control_BIOME182795","lbd_BIOME186184","lbd_control_BIOME186381","lbd_BIOME186385","median_g1","median_g2","log2fc","p_value","q_value","kingdom","phylum","class","order","family","genus"
"Actinomyces_bouchesdurhonensis",0,0,0,0.0160474944886973,0,0,0,0.379561355525049,0.834138454193711,"Bacteria","Actinobacteria","Actinomycetia","Actinomycetales","Actinomycetaceae","Actinomyces"
"Actinomyces_naeslundii",0,0,0,0,0,0,0,0.101149344603176,0.584397656614292,"Bacteria","Actinobacteria","Actinomycetia","Actinomycetales","Actinomycetaceae","Actinomyces"
"Actinomyces_oris",0,0.0120294226313985,0,0,0.00684110625398918,0,8.42570900810163,0.230535133249029,0.689408438738912,"Bacteria","Actinobacteria","Actinomycetia","Actinomycetales","Actinomycetaceae","Actinomyces"
"Actinomyces_sp_ICM47",0,0,0,0,0,0,0,0.0470256726194737,0.52504790428527,"Bacteria","Actinobacteria","Actinomycetia","Actinomycetales","Actinomycetaceae","Actinomyces"
"Actinomyces_sp_ph3",0,0,0,0,0,0,0,0.172360489890156,0.683379104739591,"Bacteria","Actinobacteria","Actinomycetia","Actinomycetales","Actinomycetaceae","Actinomyces"
"Adlercreutzia_equolifaciens",0.0138315715665351,0,0.0105595533348456,0,0.0512532994961634,0.0524578077934649,-0.0334997448901171,0.383504880848082,0.834138454193711,"Bacteria","Actinobacteria","Coriobacteriia","Eggerthellales","Eggerthellaceae","Adlercreutzia"
"Agathobaculum_butyriciproducens",0.0646779224701148,0.0249605589364316,0.0158373299471022,0.0389533972945409,0.0240168817004433,0.0451739653477569,-0.910881729077256,0.050992972100439,0.52504790428527,"Bacteria","Firmicutes","Clostridia","Eubacteriales","Oscillospiraceae","Agathobaculum"
"Akkermansia_muciniphila",0,0.352560948822222,0.169518782327694,0.0448368888588066,0.035588414499046,0,10.8014221363584,0.062207247264083,0.52504790428527,"Bacteria","Verrucomicrobia","Verrucomicrobiae","Verrucomicrobiales","Akkermansiaceae","Akkermansia"
"Akkermansia_sp_BIOML_A66",0,0,0,0,0,0,0,0.445672365383442,0.87401473381793,"Bacteria","Verrucomicrobia","Verrucomicrobiae","Verrucomicrobiales","Akkermansiaceae","Akkermansia"
"Akkermansia_sp_KLE1798",0.227163584501572,0,0,0,0,0,0,0.371752002176312,0.834138454193711,"Bacteria","Verrucomicrobia","Verrucomicrobiae","Verrucomicrobiales","Akkermansiaceae","Akkermansia"
"Alistipes_communis",0.0137844914877074,0,0,0,0,0,0,0.811520180146939,0.973943502064085,"Bacteria","Bacteroidota","Bacteroidia","Bacteroidales","Rikenellaceae","Alistipes"
"Alistipes_dispar",0,0,0,0,0,0,0,0.378941391969546,0.834138454193711,"Bacteria","Bacteroidota","Bacteroidia","Bacteroidales","Rikenellaceae","Alistipes"
"Alistipes_finegoldii",0,0.0991817286979772,0,0.130885441644645,0,0.0238915926547044,-10.2269132230777,0.569531189734212,0.918684841689998,"Bacteria","Bacteroidota","Bacteroidia","Bacteroidales","Rikenellaceae","Alistipes"
"Alistipes_ihumii",0.0177068644439929,0,0,0,0,0,0,0.864374450054511,0.979275237437679,"Bacteria","Bacteroidota","Bacteroidia","Bacteroidales","Rikenellaceae","Alistipes"
"Alistipes_indistinctus",0,0,0.0347575409700558,0.0818716221988881,0,0,0,0.626260537833967,0.928072845223831,"Bacteria","Bacteroidota","Bacteroidia","Bacteroidales","Rikenellaceae","Alistipes"
"Alistipes_onderdonkii",0.173736601584746,0.328183588696371,0.271665082166995,0.295555349573372,0.0555425128651325,0.0243765807466076,1.18743445552235,0.536991633509597,0.903021341663971,"Bacteria","Bacteroidota","Bacteroidia","Bacteroidales","Rikenellaceae","Alistipes"
"Alistipes_putredinis",0.0730828787819143,0,0,0.12787428102646,0.0693136973722062,0.125946005345926,-0.861406284381392,0.0813009246731618,0.56792219787486,"Bacteria","Bacteroidota","Bacteroidia","Bacteroidales","Rikenellaceae","Alistipes"
"Alistipes_senegalensis",0,0,0,0,0,0,0,0.414972262446136,0.857841819846634,"Bacteria","Bacteroidota","Bacteroidia","Bacteroidales","Rikenellaceae","Alistipes"
"Alistipes_shahii",0.0153107324363138,0,0.033844312735988,0,0.0527283169751907,0.0461390448580808,0.192511876435276,0.651319016939163,0.934628632319285,"Bacteria","Bacteroidota","Bacteroidia","Bacteroidales","Rikenellaceae","Alistipes"
"Alistipes_sp_AF17_16",0,0,0,0,0,0,0,0.236694673767723,0.693177258891188,"Bacteria","Bacteroidota","Bacteroidia","Bacteroidales","Rikenellaceae","Alistipes"
"Amedibacillus_dolichus",0,0,0.0116492989381367,0.0409919602233886,0,0,0,0.501843816490152,0.888371813346811,"Bacteria","Firmicutes","Erysipelotrichia","Erysipelotrichales","Erysipelotrichaceae","Amedibacillus"
"Anaerobutyricum_hallii",0.17454648394089,0.0750831999754433,0.193983613494692,0,0.0750831999754433,0.0920161651989673,-0.293326661591727,0.789156743045378,0.973074249297019,"Bacteria","Firmicutes","Clostridia","Eubacteriales","Lachnospiraceae","Anaerobutyricum"
"Anaerobutyricum_soehngenii",0.0992132202978019,0,0,0,0.0275061899927026,0.0325633909012727,-0.243332201329412,0.921023537316535,0.987553875399655,"Bacteria","Firmicutes","Clostridia","Eubacteriales","Lachnospiraceae","Anaerobutyricum"
"Anaerofilum_hominis",0,0,0,0,0,0,0,0.796998953608533,0.973609362131882,"Bacteria","Firmicutes","Clostridia","Eubacteriales","Oscillospiraceae","Anaerofilum"
"Anaerofustis_stercorihominis",0,0.0370773532001562,0.0170155222951112,0.0230888429753989,0,0,0,0.613570979685219,0.924464909205242,"Bacteria","Firmicutes","Clostridia","Eubacteriales","Eubacteriaceae","Anaerofustis"
"Anaeromassilibacillus_senegalensis",0,0,0.0383852030296877,0.0136459349016046,0.0114893757708716,0,9.17200950627035,0.672610646531923,0.935608766239681,"Bacteria","Firmicutes","Clostridia","Eubacteriales","Oscillospiraceae","Anaeromassilibacillus"
"Anaerostipes_caccae",0.0139539532962955,0,0.045999918223935,0.0312124370607435,0,0,0,0.689836784390014,0.945403058272665,"Bacteria","Firmicutes","Clostridia","Eubacteriales","Lachnospiraceae","Anaerostipes"
"Anaerostipes_hadrus",0,0.112706692539831,0,0.145935113804602,0.10480632316574,0.118115873514265,-0.172446157424659,0.442529346682607,0.87401473381793,"Bacteria","Firmicutes","Clostridia","Eubacteriales","Lachnospiraceae","Anaerostipes"
"Anaerotignum_faecicola",0.0151300255533187,0,0,0,0,0,0,0.223386359079189,0.689408438738912,"Bacteria","Firmicutes","Clostridia","Eubacteriales","Lachnospiraceae","Anaerotignum"
"Anaerotruncus_colihominis",0,0.0323243572534397,0.035702125053047,0.01405748899564,0,0,0,0.613823811531408,0.924464909205242,"Bacteria","Firmicutes","Clostridia","Eubacteriales","Oscillospiraceae","Anaerotruncus"
"Anaerotruncus_massiliensis",0,0.036813209049062,0.0347460214940129,0,0,0.0142307312086166,-9.48023700614183,0.182940612594296,0.683379104739591,"Bacteria","Firmicutes","Clostridia","Eubacteriales","Oscillospiraceae","Anaerotruncus"
"Anaerotruncus_rubiinfantis",0,0,0,0.00918707603755118,0,0,0,0.434192856060404,0.872975694828678,"Bacteria","Firmicutes","Clostridia","Eubacteriales","Oscillospiraceae","Anaerotruncus"
"Anaerovorax_odorimutans",0,0.0378547835464711,0,0,0,0,0,0.0229710497017771,0.491380715359753,"Bacteria","Firmicutes","Clostridia","Eubacteriales","Eubacteriales_Family_XIII_Incertae_Sedis","Anaerovorax"
"bacterium_210917_DFI_7_65",0.00849127774620205,0,0.0120418868072313,0.0335786180985009,0,0,0,0.824997007836995,0.978028566757091,"Bacteria","Bacteria_unclassified","Bacteria_unclassified","Bacteria_unclassified","Bacteria_unclassified","Bacteria_unclassified"
"Bacteroides_caccae",0,0,0.0529766468004509,0,0.0181999112553917,0.0310178756137874,-0.768515432798315,0.902039741171095,0.984972407392763,"Bacteria","Bacteroidota","Bacteroidia","Bacteroidales","Bacteroidaceae","Bacteroides"
"Bacteroides_cellulosilyticus",0,0,0.0269012025049461,0.021807689889206,0,0.0274752466547635,-10.4283855991038,0.141278270186701,0.637696412218869,"Bacteria","Bacteroidota","Bacteroidia","Bacteroidales","Bacteroidaceae","Bacteroides"
"Bacteroides_clarus",0,0,0,0,0,0,0,0.479166196677536,0.886721787117423,"Bacteria","Bacteroidota","Bacteroidia","Bacteroidales","Bacteroidaceae","Bacteroides"
"Bacteroides_eggerthii",0,0,0,0,0,0,0,0.0965077318798038,0.584397656614292,"Bacteria","Bacteroidota","Bacteroidia","Bacteroidales","Bacteroidaceae","Bacteroides"
"Bacteroides_faecis",0,0,0,0,0,0,0,0.817104138909654,0.975765136756188,"Bacteria","Bacteroidota","Bacteroidia","Bacteroidales","Bacteroidaceae","Bacteroides"
"Bacteroides_finegoldii",0,0,0,0,0,0,0,0.682846657434785,0.94106598167483,"Bacteria","Bacteroidota","Bacteroidia","Bacteroidales","Bacteroidaceae","Bacteroides"
"Bacteroides_fragilis",0,0,0,0,0,0,0,0.199314931413051,0.683379104739591,"Bacteria","Bacteroidota","Bacteroidia","Bacteroidales","Bacteroidaceae","Bacteroides"
"Bacteroides_intestinalis",0,0,0,0,0,0,0,0.874841818892724,0.979275237437679,"Bacteria","Bacteroidota","Bacteroidia","Bacteroidales","Bacteroidaceae","Bacteroides"
"Bacteroides_nordii",0.00692826177486697,0,0.00702857192857078,0,0,0,0,0.71600515452166,0.957267760936568,"Bacteria","Bacteroidota","Bacteroidia","Bacteroidales","Bacteroidaceae","Bacteroides"
"Bacteroides_ovatus",0.0220131484155845,0,0.0507267866941644,0.0669978485557484,0.0211250242227257,0.0347359318737808,-0.716942279714866,0.988186767097532,0.998327945067383,"Bacteria","Bacteroidota","Bacteroidia","Bacteroidales","Bacteroidaceae","Bacteroides"
"Bacteroides_salyersiae",0,0,0,0,0,0,0,0.168102025559807,0.67936141424601,"Bacteria","Bacteroidota","Bacteroidia","Bacteroidales","Bacteroidaceae","Bacteroides"
"Bacteroides_stercoris",0,0,0,0,0,0,0,0.150371017507308,0.660558398335673,"Bacteria","Bacteroidota","Bacteroidia","Bacteroidales","Bacteroidaceae","Bacteroides"
"Bacteroides_thetaiotaomicron",0.113963330208241,0.246759384190808,0.0345423612156485,0,0.032620188963253,0.039797417222648,-0.28675061089316,0.956192991923472,0.998327945067383,"Bacteria","Bacteroidota","Bacteroidia","Bacteroidales","Bacteroidaceae","Bacteroides"
"Bacteroides_uniformis",0.221170204852173,0,0.122668776661196,0.135133576950728,0.0873969504423666,0.148026592818562,-0.760066653147818,0.0770281599030671,0.556301421405242,"Bacteria","Bacteroidota","Bacteroidia","Bacteroidales","Bacteroidaceae","Bacteroides"
"Bacteroides_xylanisolvens",0.0704066044898797,0,0,0,0.00691380914204306,0.010573748412032,-0.611496526600874,0.871490197142845,0.979275237437679,"Bacteria","Bacteroidota","Bacteroidia","Bacteroidales","Bacteroidaceae","Bacteroides"
"Barnesiella_intestinihominis",0,0,0.0812515632413543,0,0,0,0,0.33082304701862,0.796370347750334,"Bacteria","Bacteroidota","Bacteroidia","Bacteroidales","Barnesiellaceae","Barnesiella"
"Bianquea_renquensis",0,0,0,0,0,0,0,0.00915348530778751,0.450351477143146,"Bacteria","Firmicutes","Clostridia","Eubacteriales","Bianqueaceae","Bianquea"
"Bianquea_SGB71281",0,0,0,0,0,0,0,0.261578813574122,0.735302365077742,"Bacteria","Firmicutes","Clostridia","Eubacteriales","Bianqueaceae","Bianquea"
"Bifidobacterium_adolescentis",0,0.317561304938824,0,0.24719215847162,0,0,0,0.167649540182366,0.67936141424601,"Bacteria","Actinobacteria","Actinomycetia","Bifidobacteriales","Bifidobacteriaceae","Bifidobacterium"
"Bifidobacterium_animalis",0.0218741111595861,0,0,0,0,0,0,0.650722266576926,0.934628632319285,"Bacteria","Actinobacteria","Actinomycetia","Bifidobacteriales","Bifidobacteriaceae","Bifidobacterium"
"Bifidobacterium_bifidum",0,0,0,0.294454101662739,0,0,0,0.344133512081984,0.796370347750334,"Bacteria","Actinobacteria","Actinomycetia","Bifidobacteriales","Bifidobacteriaceae","Bifidobacterium"
"Bifidobacterium_dentium",0,0,0,0.0146292599154163,0,0,0,0.877764999410602,0.979275237437679,"Bacteria","Actinobacteria","Actinomycetia","Bifidobacteriales","Bifidobacteriaceae","Bifidobacterium"
"Bifidobacterium_longum",0,0.107382285259364,0.112430308206041,0.14256871515771,0.0226580591466011,0.0550687201518651,-1.28046154352601,0.720316428619729,0.957826169948397,"Bacteria","Actinobacteria","Actinomycetia","Bifidobacteriales","Bifidobacteriaceae","Bifidobacterium"
"Bifidobacterium_pseudocatenulatum",0,0,0,0.290615483996779,0,0,0,0.59903570865525,0.923904603944774,"Bacteria","Actinobacteria","Actinomycetia","Bifidobacteriales","Bifidobacteriaceae","Bifidobacterium"
"Bilophila_wadsworthia",0.0114937346460478,0.0326769063851252,0.0346465072920178,0,0.0274606975225101,0.0147653617830697,0.894251213928268,0.55848243857358,0.915557205792333,"Bacteria","Proteobacteria","Deltaproteobacteria","Desulfovibrionales","Desulfovibrionaceae","Bilophila"
"Bittarella_massiliensis",0,0,0.0059245605489229,0,0,0.00550457110090193,-8.11312785466928,0.998327945067383,0.998327945067383,"Bacteria","Firmicutes","Clostridia","Eubacteriales","Oscillospiraceae","Bittarella"
"Blautia_caecimuris",0.0283022008448387,0,0.1577189967276,0.0113932262077526,0.013733607356423,0.0310388283325512,-1.17519611064349,0.474415874949185,0.886721787117423,"Bacteria","Firmicutes","Clostridia","Eubacteriales","Lachnospiraceae","Blautia"
"Blautia_faecicola",0,0,0,0,0,0,0,0.806766361106722,0.973609362131882,"Bacteria","Firmicutes","Clostridia","Eubacteriales","Lachnospiraceae","Blautia"
"Blautia_faecis",0.149265869192335,0.0628147080079086,0.142158976600698,0.0862090049129417,0.0887171000895529,0.112104200256585,-0.337488543535205,0.845219382663272,0.979275237437679,"Bacteria","Firmicutes","Clostridia","Eubacteriales","Lachnospiraceae","Blautia"
"Blautia_glucerasea",0.0146940713803504,0,0.130380629523089,0.158367197521344,0.0405746544156417,0.0206291134375779,0.975211547973131,0.335071458057683,0.796370347750334,"Bacteria","Firmicutes","Clostridia","Eubacteriales","Lachnospiraceae","Blautia"
"Blautia_hansenii",0,0,0,0,0,0,0,0.486131551580598,0.886721787117423,"Bacteria","Firmicutes","Clostridia","Eubacteriales","Lachnospiraceae","Blautia"
"Blautia_hydrogenotrophica",0.0176757692305989,0,0.0628896839359005,0.0202572477549367,0.00614820980853728,0.0176757692305989,-1.52048795155099,0.426027645452776,0.864032904846014,"Bacteria","Firmicutes","Clostridia","Eubacteriales","Lachnospiraceae","Blautia"
"Blautia_luti",0,0,0,0,0,0,0,0.463410530065702,0.886261978609831,"Bacteria","Firmicutes","Clostridia","Eubacteriales","Lachnospiraceae","Blautia"
"Blautia_massiliensis",0.0727394654805019,0,0,0,0.0529813665380777,0.0947094714040639,-0.83778434498013,0.869499051539345,0.979275237437679,"Bacteria","Firmicutes","Clostridia","Eubacteriales","Lachnospiraceae","Blautia"
"Blautia_obeum",0.144613267984503,0,0,0,0.0607580316215462,0.132005239507149,-1.11919250838345,0.131278378630527,0.637497592504433,"Bacteria","Firmicutes","Clostridia","Eubacteriales","Lachnospiraceae","Blautia"
"Blautia_producta",0.00990471081524849,0.0575313023847001,0.0113183698413652,0.0115933605184359,0,0.0120916102170237,-9.2455908943323,0.845578525268928,0.979275237437679,"Bacteria","Firmicutes","Clostridia","Eubacteriales","Lachnospiraceae","Blautia"
"Blautia_SGB4815",0.029217180611844,0,0,0,0.00883187303361882,0,8.79325279778494,0.175363782349469,0.683379104739591,"Bacteria","Firmicutes","Clostridia","Eubacteriales","Lachnospiraceae","Blautia"
"Blautia_sp_An249",0,0,0,0,0,0,0,0.0424329748919302,0.52504790428527,"Bacteria","Firmicutes","Clostridia","Eubacteriales","Lachnospiraceae","Blautia"
"Blautia_sp_MCC283",0,0,0,0,0,0,0,0.495601119849647,0.888371813346811,"Bacteria","Firmicutes","Clostridia","Eubacteriales","Lachnospiraceae","Blautia"
"Blautia_sp_OF03_15BH",0,0,0,0,0,0,0,0.374753571714388,0.834138454193711,"Bacteria","Firmicutes","Clostridia","Eubacteriales","Lachnospiraceae","Blautia"
"Blautia_stercoris",0,0,0,0,0,0,0,0.86164898297267,0.979275237437679,"Bacteria","Firmicutes","Clostridia","Eubacteriales","Lachnospiraceae","Blautia"
"Blautia_wexlerae",0.438264018225161,0.466482771169739,0.247692690883911,0.202790638181298,0.202790638181298,0.196690446372325,0.044059765121167,0.706413134822465,0.954409610036142,"Bacteria","Firmicutes","Clostridia","Eubacteriales","Lachnospiraceae","Blautia"
"Brotolimicola_acetigignens",0,0.056376114925127,0.0309241813485717,0.0202078089087587,0.0158751762589875,0.0258640539134549,-0.703476232365492,0.283060337248606,0.765196076518209,"Bacteria","Firmicutes","Clostridia","Eubacteriales","Lachnospiraceae","Brotolimicola"
"Butyricimonas_paravirosa",0,0,0,0,0,0,0,0.18304999624643,0.683379104739591,"Bacteria","Bacteroidota","Bacteroidia","Bacteroidales","Odoribacteraceae","Butyricimonas"
"Butyricimonas_virosa",0,0,0.0107890935616578,0.0783783681542054,0,0,0,0.991007419123465,0.998327945067383,"Bacteria","Bacteroidota","Bacteroidia","Bacteroidales","Odoribacteraceae","Butyricimonas"
"Candidatus_Cibionibacter_quicibialis",0.127255811762499,0,0,0.114141045744317,0.0625732356830686,0.0959164949456369,-0.616073354325055,0.216681179551578,0.683379104739591,"Bacteria","Firmicutes","Clostridia","Eubacteriales","Eubacteriales_incertae_sedis","Candidatus_Cibionibacter"
"Catenibacillus_scindens",0,0,0,0,0,0,0,0.672072099666658,0.935608766239681,"Bacteria","Firmicutes","Clostridia","Eubacteriales","Lachnospiraceae","Catenibacillus"
"Christensenella_hongkongensis",0,0.00797504614947643,0,0.0110636785024255,0,0,0,0.740604962169524,0.958213041405174,"Bacteria","Firmicutes","Clostridia","Eubacteriales","Christensenellaceae","Christensenella"
"Christensenella_minuta",0,0.0338132503784185,0,0,0,0,0,0.586334469729749,0.921650348584782,"Bacteria","Firmicutes","Clostridia","Eubacteriales","Christensenellaceae","Christensenella"
"Christensenella_timonensis",0,0,0,0,0,0,0,0.191178681096811,0.683379104739591,"Bacteria","Firmicutes","Clostridia","Eubacteriales","Christensenellaceae","Christensenella"
"Christensenellaceae_bacterium",0,0,0,0,0,0,0,0.0390423933422529,0.52504790428527,"Bacteria","Firmicutes","Clostridia","Eubacteriales","Christensenellaceae","Christensenellaceae_unclassified"
"Cloacibacillus_evryensis",0,0,0,0,0,0,0,0.466063637235497,0.886261978609831,"Bacteria","Synergistetes","Synergistia","Synergistales","Synergistaceae","Cloacibacillus"
"Cloacibacillus_porcorum",0,0,0,0,0,0,0,0.302091678195281,0.772853481174995,"Bacteria","Synergistetes","Synergistia","Synergistales","Synergistaceae","Cloacibacillus"
"Clostridia_bacterium",0,0,0.040130595166918,0.0768734745826019,0,0,0,0.229802304975738,0.689408438738912,"Bacteria","Firmicutes","Clostridia","Clostridia_unclassified","Clostridia_unclassified","Clostridia_unclassified"
"Clostridia_bacterium_UC5_1_1D1",0.0108905828906659,0.00448331782182552,0.0218351977839522,0.0131343025094842,0,0.0137517963151448,-9.43091764184029,0.0509061861313539,0.52504790428527,"Bacteria","Firmicutes","Clostridia","Clostridia_unclassified","Clostridia_unclassified","Clostridia_unclassified"
"Clostridia_bacterium_UC5_1_1E11",0,0.00911056052259748,0,0,0,0,0,0.390089277539759,0.834138454193711,"Bacteria","Firmicutes","Clostridia","Clostridia_unclassified","Clostridia_unclassified","Clostridia_unclassified"
"Clostridiaceae_bacterium",0.0871776367812888,0.0116149082399403,0.0375148021258499,0.0779963166616571,0.0215190869571518,0.0425992444484172,-0.984549491634232,0.343696028765867,0.796370347750334,"Bacteria","Firmicutes","Clostridia","Eubacteriales","Clostridiaceae","Clostridiaceae_unclassified"
"Clostridiaceae_bacterium_AF18_31LB",0.0148329475579132,0,0,0,0,0,0,0.207274468803846,0.683379104739591,"Bacteria","Firmicutes","Clostridia","Eubacteriales","Clostridiaceae","Clostridiaceae_unclassified"
"Clostridiaceae_bacterium_Marseille_Q3526",0,0,0,0.00951854648523979,0,0,0,0.16457577308889,0.67936141424601,"Bacteria","Firmicutes","Clostridia","Eubacteriales","Clostridiaceae","Clostridiaceae_unclassified"
"Clostridiaceae_bacterium_Marseille_Q4143",0.0141001189411354,0,0,0,0,0,0,0.62431928616507,0.927991204813337,"Bacteria","Firmicutes","Clostridia","Eubacteriales","Clostridiaceae","Clostridiaceae_unclassified"
"Clostridiaceae_bacterium_Marseille_Q4149",0,0,0,0,0,0,0,0.637822335448379,0.931389580113407,"Bacteria","Firmicutes","Clostridia","Eubacteriales","Clostridiaceae","Clostridiaceae_unclassified"
"Clostridiaceae_unclassified_SGB15090",0,0,0,0,0,0,0,0.034860549341599,0.52504790428527,"Bacteria","Firmicutes","Clostridia","Eubacteriales","Clostridiaceae","Clostridiaceae_unclassified"
"Clostridiales_bacterium",0.00783589892461599,0,0.0168886699946745,0.0656115335671272,0,0.0125342795822553,-9.29737965483108,0.581449224432723,0.918684841689998,"Bacteria","Firmicutes","Clostridia","Eubacteriales","Eubacteriales_unclassified","Eubacteriales_unclassified"
"Clostridiales_bacterium_KLE1615",0.0754719269428514,0,0,0.0219448684761696,0,0.0205854251096136,-10.0122267671906,0.0562832866331247,0.52504790428527,"Bacteria","Firmicutes","Clostridia","Eubacteriales","Eubacteriales_unclassified","Eubacteriales_unclassified"
"Clostridiales_bacterium_Marseille_P2846",0.0226514504804287,0,0.0227043756395759,0,0,0,0,0.55941583545033,0.915557205792333,"Bacteria","Firmicutes","Clostridia","Eubacteriales","Eubacteriales_unclassified","Eubacteriales_unclassified"
"Clostridium_fessum",0.0335607481778785,0.0202597195714611,0,0.0366510742555732,0.0115371509645084,0.018210895795418,-0.657601823874052,0.990852243799867,0.998327945067383,"Bacteria","Firmicutes","Clostridia","Eubacteriales","Clostridiaceae","Clostridium"
"Clostridium_hylemonae",0,0,0.0201830471252675,0.0111716238544156,0,0,0,0.738013656995361,0.958213041405174,"Bacteria","Firmicutes","Clostridia","Eubacteriales","Lachnospiraceae","Lachnoclostridium"
"Clostridium_innocuum",0.0290264940107319,0.0187067070222709,0.0160661837375699,0.0234371609785085,0.0181310843068364,0.0160319103001989,0.177311227432785,0.781203504604876,0.970586172387876,"Bacteria","Firmicutes","Erysipelotrichia","Erysipelotrichales","Erysipelotrichaceae","Erysipelatoclostridium"
"Clostridium_leptum",0.0169477950588059,0.0473875597950834,0.173327588952655,0.0494377416502825,0.0416701803753696,0.0357133259204483,0.222437686709542,0.873390542361774,0.979275237437679,"Bacteria","Firmicutes","Clostridia","Eubacteriales","Oscillospiraceae","Oscillospiraceae_unclassified"
"Clostridium_methylpentosum",0,0.00926835891067073,0.0099198410960401,0.00855580380965899,0,0,0,0.343887188849922,0.796370347750334,"Bacteria","Firmicutes","Clostridia","Eubacteriales","Oscillospiraceae","Oscillospiraceae_unclassified"
"Clostridium_saudiense",0,0,0,0,0,0,0,0.069640321464548,0.54385774858028,"Bacteria","Firmicutes","Clostridia","Eubacteriales","Clostridiaceae","Clostridium"
"Clostridium_scindens",0,0.120564909080626,0.0682850188372223,0.0596289507919941,0.00489899785693683,0.00510883736705593,-0.0602679668673522,0.850080531167549,0.979275237437679,"Bacteria","Firmicutes","Clostridia","Eubacteriales","Lachnospiraceae","Lachnoclostridium"
"Clostridium_SGB4750",0.0576861554746287,0,0,0.034924141840514,0,0,0,0.582580631315609,0.918684841689998,"Bacteria","Firmicutes","Clostridia","Eubacteriales","Clostridiaceae","Clostridium"
"Clostridium_SGB6173",0,0,0,0,0,0,0,0.811619585053404,0.973943502064085,"Bacteria","Firmicutes","Clostridia","Eubacteriales","Clostridiaceae","Clostridium"
"Clostridium_SGB6179",0,0,0.0232141530988268,0,0,0,0,0.277892318523285,0.763815758175732,"Bacteria","Firmicutes","Clostridia","Eubacteriales","Clostridiaceae","Clostridium"
"Clostridium_sp_AF36_4",0,0.0211794040643266,0.0180924232798947,0,0.00982360180871703,0,8.94645711704398,0.994776774801783,0.998327945067383,"Bacteria","Firmicutes","Clostridia","Eubacteriales","Clostridiaceae","Clostridium"
"Clostridium_sp_AM22_11AC",0,0.0538181741487059,0,0,0,0,0,0.102150809895994,0.584397656614292,"Bacteria","Firmicutes","Clostridia","Eubacteriales","Clostridiaceae","Clostridium"
"Clostridium_sp_AM29_11AC",0,0,0.0234798086422406,0.0261027712299382,0,0,0,0.45289222010551,0.87401473381793,"Bacteria","Firmicutes","Clostridia","Eubacteriales","Clostridiaceae","Clostridium"
"Clostridium_sp_AM49_4BH",0,0.00723884837244715,0,0.0155344580506561,0,0,0,0.659179137021935,0.934628632319285,"Bacteria","Firmicutes","Clostridia","Eubacteriales","Clostridiaceae","Clostridium"
"Clostridium_sp_AT4",0,0,0.0172490453729197,0.0458876599284203,0,0,0,0.503151098360013,0.888371813346811,"Bacteria","Firmicutes","Clostridia","Eubacteriales","Clostridiaceae","Clostridium"
"Clostridium_sp_Marseille_P3244",0,0,0,0.0100897692946968,0,0,0,0.966018929582872,0.998327945067383,"Bacteria","Firmicutes","Clostridia","Eubacteriales","Clostridiaceae","Clostridium"
"Clostridium_sp_NSJ_42",0,0,0,0,0,0,0,0.483551405399337,0.886721787117423,"Bacteria","Firmicutes","Clostridia","Eubacteriales","Clostridiaceae","Clostridium"
"Clostridium_spiroforme",0.0256874621767933,0.0329635210831293,0,0.0629693386193277,0,0.00828260225458514,-8.70083311490813,0.45212947011964,0.87401473381793,"Bacteria","Firmicutes","Erysipelotrichia","Erysipelotrichales","Erysipelotrichaceae","Erysipelatoclostridium"
"Clostridium_symbiosum",0,0.0101194622350022,0.0111761006317873,0,0,0.00847948711293248,-8.73464550648643,0.93135162232813,0.987553875399655,"Bacteria","Firmicutes","Clostridia","Eubacteriales","Lachnospiraceae","Lachnoclostridium"
"Clostridium_transplantifaecale",0.00673058131351183,0.0105926492896162,0,0.027003280226143,0,0,0,0.251086235103062,0.718223416690153,"Bacteria","Firmicutes","Clostridia","Eubacteriales","Clostridiaceae","Clostridium"
"Collinsella_aerofaciens",0.0635542202911347,0,0.250281427884416,0.172251521090101,0.098891019155783,0.0616792002735272,0.68087988004945,0.747013691199637,0.958213041405174,"Bacteria","Actinobacteria","Coriobacteriia","Coriobacteriales","Coriobacteriaceae","Collinsella"
"Collinsella_intestinalis",0,0,0,0.208715566715325,0,0,0,0.361670002469027,0.81624606061817,"Bacteria","Actinobacteria","Coriobacteriia","Coriobacteriales","Coriobacteriaceae","Collinsella"
"Collinsella_stercoris",0,0,0,0,0,0,0,0.994642973507622,0.998327945067383,"Bacteria","Actinobacteria","Coriobacteriia","Coriobacteriales","Coriobacteriaceae","Collinsella"
"Collinsella_tanakaei",0,0,0,0,0,0,0,0.0941623690134761,0.584397656614292,"Bacteria","Actinobacteria","Coriobacteriia","Coriobacteriales","Coriobacteriaceae","Collinsella"
"Congzhengia_minquanensis",0,0,0,0,0,0,0,0.886842167877157,0.982577665538579,"Bacteria","Firmicutes","Clostridia","Eubacteriales","Oscillospiraceae","Congzhengia"
"Coprobacillus_cateniformis",0,0,0,0.0129695572182519,0,0,0,0.886123835545299,0.982577665538579,"Bacteria","Firmicutes","Erysipelotrichia","Erysipelotrichales","Coprobacillaceae","Coprobacillus"
"Coprobacter_secundus",0,0,0,0,0,0,0,0.272451835125595,0.757323745094874,"Bacteria","Bacteroidota","Bacteroidia","Bacteroidales","Barnesiellaceae","Coprobacter"
"Coprococcus_catus",0.0561052968517871,0,0.0478230430656232,0.0640609886927582,0.0302353810269367,0.0331195041318174,-0.131360458565002,0.567075557198123,0.917767020202226,"Bacteria","Firmicutes","Clostridia","Eubacteriales","Lachnospiraceae","Coprococcus"
"Coprococcus_comes",0.105920744872966,0,0.103724299295609,0.0279124028797833,0.0279124028797833,0.0436601818338409,-0.645040057658333,0.995135907382719,0.998327945067383,"Bacteria","Firmicutes","Clostridia","Eubacteriales","Lachnospiraceae","Coprococcus"
"Coprococcus_eutactus",0,0,0,0,0,0,0,0.039953039446297,0.52504790428527,"Bacteria","Firmicutes","Clostridia","Eubacteriales","Lachnospiraceae","Coprococcus"
"Coprococcus_sp_AF21_14LB",0,0,0,0,0,0,0,0.866733538736043,0.979275237437679,"Bacteria","Firmicutes","Clostridia","Eubacteriales","Lachnospiraceae","Coprococcus"
"Cuneatibacter_sp_NSJ_177",0.0064730690501105,0,0.0438489722609986,0.00578795047835956,0.00554078780669312,0.0064730690501105,-0.223613029929538,0.209360352053202,0.683379104739591,"Bacteria","Firmicutes","Clostridia","Eubacteriales","Lachnospiraceae","Cuneatibacter"
"Desulfovibrio_desulfuricans",0.0109135161963948,0,0,0,0,0,0,0.404541617070667,0.846955215313907,"Bacteria","Proteobacteria","Deltaproteobacteria","Desulfovibrionales","Desulfovibrionaceae","Desulfovibrio"
"Desulfovibrio_fairfieldensis",0,0,0.060941743826435,0,0,0,0,0.973218707821482,0.998327945067383,"Bacteria","Proteobacteria","Deltaproteobacteria","Desulfovibrionales","Desulfovibrionaceae","Desulfovibrio"
"Dialister_invisus",0,0.0904104477585746,0,0.123129858421529,0,0,0,0.786370720377122,0.973074249297019,"Bacteria","Firmicutes","Negativicutes","Veillonellales","Veillonellaceae","Dialister"
"Dielma_fastidiosa",0,0,0,0,0,0,0,0.710065239641356,0.954409610036142,"Bacteria","Firmicutes","Erysipelotrichia","Erysipelotrichales","Erysipelotrichaceae","Dielma"
"Diplocloster_agilis",0,0,0.00848538404947309,0,0,0,0,0.338955776074721,0.796370347750334,"Bacteria","Firmicutes","Clostridia","Eubacteriales","Lachnospiraceae","Diplocloster"
"Dorea_formicigenerans",0.102788946393932,0,0,0.0793650633829802,0.0585364032158184,0.0538135116146877,0.121322505371381,0.728390575291727,0.958213041405174,"Bacteria","Firmicutes","Clostridia","Eubacteriales","Lachnospiraceae","Dorea"
"Dorea_longicatena",0.111545190270064,0,0,0,0.0584515799870555,0.0932047545386211,-0.672977953590647,0.537774904690129,0.903021341663971,"Bacteria","Firmicutes","Clostridia","Eubacteriales","Lachnospiraceae","Dorea"
"Dorea_phocaeensis",0,0,0,0,0,0,0,0.452995441308074,0.87401473381793,"Bacteria","Firmicutes","Clostridia","Eubacteriales","Lachnospiraceae","Dorea"
"Dorea_sp_AF36_15AT",0.0497155698243399,0,0,0,0.0346955650055145,0.016075512584503,1.10892640735469,0.0198794422236876,0.491380715359753,"Bacteria","Firmicutes","Clostridia","Eubacteriales","Lachnospiraceae","Dorea"
"Dysosmobacter_welbionis",0.0146258485342804,0.0263697042053282,0.0782129445418507,0.0879798280878942,0.0286640046446061,0.0322933909065303,-0.171885963582241,0.226595209239101,0.689408438738912,"Bacteria","Firmicutes","Clostridia","Eubacteriales","Oscillospiraceae","Dysosmobacter"
"Eggerthella_lenta",0.0549959161430556,0.142485880404158,0.105738874499805,0.0676370569092643,0.0402128108662029,0.0633361151471704,-0.655111959990633,0.595202888245727,0.923904603944774,"Bacteria","Actinobacteria","Coriobacteriia","Eggerthellales","Eggerthellaceae","Eggerthella"
"Eisenbergiella_massiliensis",0.00630083812722047,0.0504694209744472,0.0633163105249305,0,0,0,0,0.947372037028671,0.998327945067383,"Bacteria","Firmicutes","Clostridia","Eubacteriales","Lachnospiraceae","Eisenbergiella"
"Eisenbergiella_sp_OF01_20",0.0187973916501778,0,0,0,0,0,0,0.942053571249382,0.996753456031604,"Bacteria","Firmicutes","Clostridia","Eubacteriales","Lachnospiraceae","Eisenbergiella"
"Eisenbergiella_tayi",0.0133981678852415,0,0.0488661494477175,0.0467717276364322,0.00816097248569214,0.00715547644228984,0.189198891619995,0.213904414251736,0.683379104739591,"Bacteria","Firmicutes","Clostridia","Eubacteriales","Lachnospiraceae","Eisenbergiella"
"Ellagibacter_isourolithinifaciens",0,0,0,0,0,0,0,0.141242992607857,0.637696412218869,"Bacteria","Actinobacteria","Coriobacteriia","Eggerthellales","Eggerthellaceae","Ellagibacter"
"Emergencia_timonensis",0,0,0.00548637476192646,0,0,0,0,0.836457889979142,0.979275237437679,"Bacteria","Firmicutes","Clostridia","Eubacteriales","Eubacteriales_Family_XIII_Incertae_Sedis","Emergencia"
"Enterocloster_aldenensis",0,0.019546066808059,0,0,0,0,0,0.503771820983252,0.888371813346811,"Bacteria","Firmicutes","Clostridia","Eubacteriales","Lachnospiraceae","Enterocloster"
"Enterocloster_asparagiformis",0,0,0,0,0,0,0,0.169840353561503,0.67936141424601,"Bacteria","Firmicutes","Clostridia","Eubacteriales","Lachnospiraceae","Enterocloster"
"Enterocloster_bolteae",0.0194614530582203,0.0162549476573047,0.00827052436412108,0.0220653339705573,0.00920881985923517,0.0101046259100407,-0.133651179518519,0.596418685858137,0.923904603944774,"Bacteria","Firmicutes","Clostridia","Eubacteriales","Lachnospiraceae","Enterocloster"
"Enterocloster_citroniae",0,0,0,0.0103103712904112,0,0,0,0.292121888343169,0.768759381372773,"Bacteria","Firmicutes","Clostridia","Eubacteriales","Lachnospiraceae","Enterocloster"
"Enterocloster_clostridioformis",0,0.0212548375133667,0.0120833412220918,0,0,0,0,0.950426725974346,0.998327945067383,"Bacteria","Firmicutes","Clostridia","Eubacteriales","Lachnospiraceae","Enterocloster"
"Enterocloster_hominis",0.0206218491283499,0.00456071796705208,0.0434786300461493,0.0118619806631904,0.0134948522159907,0.0194460162850012,-0.526413477092352,0.637964001012639,0.931389580113407,"Bacteria","Firmicutes","Clostridia","Eubacteriales","Lachnospiraceae","Enterocloster"
"Enterocloster_lavalensis",0,0,0,0.0104644152265011,0,0,0,0.043321392714251,0.52504790428527,"Bacteria","Firmicutes","Clostridia","Eubacteriales","Lachnospiraceae","Enterocloster"
"Erysipelatoclostridium_ramosum",0.0544741841047208,0.0134168117316018,0.0635865327975688,0.0216257451816194,0.00579658200032123,0.0155569689147491,-1.42117835724442,0.318512920733611,0.783015583318867,"Bacteria","Firmicutes","Erysipelotrichia","Erysipelotrichales","Erysipelotrichaceae","Erysipelatoclostridium"
"Escherichia_coli",0.0127948849424096,0.103580486478536,0.00859079916609566,0.0127400457204187,0.0127400457204187,0.00859079916609566,0.567417034478314,0.689441044118929,0.945403058272665,"Bacteria","Proteobacteria","Gammaproteobacteria","Enterobacterales","Enterobacteriaceae","Escherichia"
"Eubacteriaceae_bacterium",0.00927375559581575,0,0,0.030748948870628,0.00889955343633893,0.00637969843921476,0.478970574359092,0.612065674012824,0.924464909205242,"Bacteria","Firmicutes","Clostridia","Eubacteriales","Eubacteriaceae","Eubacteriaceae_unclassified"
"Eubacteriales_bacterium",0,0,0,0,0,0,0,0.998201137740724,0.998327945067383,"Bacteria","Firmicutes","Clostridia","Eubacteriales","Eubacteriales_unclassified","Eubacteriales_unclassified"
"Eubacterium_callanderi",0,0,0,0,0,0,0,0.236455411631562,0.693177258891188,"Bacteria","Firmicutes","Clostridia","Eubacteriales","Eubacteriaceae","Eubacterium"
"Eubacterium_ramulus",0.126039106598401,0,0,0,0,0.0361548022576736,-10.8241890973228,0.00559508764331522,0.312631868221538,"Bacteria","Firmicutes","Clostridia","Eubacteriales","Eubacteriaceae","Eubacterium"
"Eubacterium_rectale",0.445061741654557,0,0.164275343888514,0.158214621443221,0.0638406725679336,0.103185441464727,-0.692519794024199,0.0360153712481954,0.52504790428527,"Bacteria","Firmicutes","Clostridia","Eubacteriales","Lachnospiraceae","Lachnospiraceae_unclassified"
"Eubacterium_siraeum",0.0447295848190987,0,0.082801908249022,0.0107566003396895,0.0107566003396895,0.0180702944157615,-0.747316324525421,0.563352725527837,0.917486177660359,"Bacteria","Firmicutes","Clostridia","Eubacteriales","Oscillospiraceae","Oscillospiraceae_unclassified"
"Eubacterium_sp_AF16_48",0,0,0,0,0,0,0,0.0762836779375432,0.556301421405242,"Bacteria","Firmicutes","Clostridia","Eubacteriales","Eubacteriaceae","Eubacterium"
"Eubacterium_sp_AF34_35BH",0,0,0,0,0,0,0,0.522054026388206,0.894949759522639,"Bacteria","Firmicutes","Clostridia","Eubacteriales","Eubacteriaceae","Eubacterium"
"Eubacterium_sp_c_25",0,0,0.0291949020441841,0.00664083156503148,0,0,0,0.0674284933620111,0.543849487444418,"Bacteria","Firmicutes","Clostridia","Eubacteriales","Eubacteriaceae","Eubacterium"
"Eubacterium_ventriosum",0,0,0,0.00509904135464826,0,0,0,0.581391417064478,0.918684841689998,"Bacteria","Firmicutes","Clostridia","Eubacteriales","Eubacteriaceae","Eubacterium"
"Evtepia_gabavorous",0.0762335526902216,0.064974906890018,0.0813040840369143,0.0772525867018564,0.0698471832058174,0.0646693847532788,0.111086063799852,0.929114250404538,0.987553875399655,"Bacteria","Firmicutes","Clostridia","Eubacteriales","Eubacteriales_unclassified","Evtepia"
"Faecalibacillus_faecis",0,0,0,0.0330226623300774,0,0,0,0.194956860068596,0.683379104739591,"Bacteria","Firmicutes","Erysipelotrichia","Erysipelotrichales","Erysipelotrichaceae","Faecalibacillus"
"Faecalibacillus_intestinalis",0,0,0,0.0897351083159983,0,0,0,0.556724354340023,0.915557205792333,"Bacteria","Firmicutes","Erysipelotrichia","Erysipelotrichales","Erysipelotrichaceae","Faecalibacillus"
"Faecalibacterium_prausnitzii",0.125369809876892,0.0655962565997901,0,0.232269704164394,0.109558913953708,0.155937983603838,-0.50918738256608,0.121213302997881,0.606080673343719,"Bacteria","Firmicutes","Clostridia","Eubacteriales","Oscillospiraceae","Faecalibacterium"
"Faecalibacterium_SGB15346",0,0,0,0,0,0,0,0.314072294998039,0.780422066358763,"Bacteria","Firmicutes","Clostridia","Eubacteriales","Oscillospiraceae","Faecalibacterium"
"Faecalibacterium_sp_CLA_AA_H233",0,0,0,0,0,0,0,0.655804389720226,0.934628632319285,"Bacteria","Firmicutes","Clostridia","Eubacteriales","Oscillospiraceae","Faecalibacterium"
"Faecalibacterium_sp_HTFF",0,0,0,0,0,0,0,0.346535639414508,0.796708105569805,"Bacteria","Firmicutes","Clostridia","Eubacteriales","Oscillospiraceae","Faecalibacterium"
"Faecalicatena_contorta",0,0.00636400462460788,0.0141708673629479,0.0106020847131572,0.00636400462460788,0.00656510684131009,-0.0447454782607379,0.673181917172454,0.935608766239681,"Bacteria","Firmicutes","Clostridia","Eubacteriales","Lachnospiraceae","Faecalicatena"
"Faecalicatena_fissicatena",0,0,0,0.0122518364171699,0,0,0,0.20260425363589,0.683379104739591,"Bacteria","Firmicutes","Clostridia","Eubacteriales","Lachnospiraceae","Faecalicatena"
"Faecalicatena_orotica",0,0.015172926949979,0,0,0,0,0,0.391809926950731,0.834138454193711,"Bacteria","Firmicutes","Clostridia","Eubacteriales","Lachnospiraceae","Faecalicatena"
"Faecalimonas_umbilicata",0,0,0.108717504836058,0,0,0,0,0.410858294372456,0.852921016165604,"Bacteria","Firmicutes","Clostridia","Eubacteriales","Lachnospiraceae","Faecalimonas"
"Firmicutes_bacterium",0,0,0.176523147899963,0,0,0,0,0.21161988760969,0.683379104739591,"Bacteria","Firmicutes","Firmicutes_unclassified","Firmicutes_unclassified","Firmicutes_unclassified","Firmicutes_unclassified"
"Firmicutes_unclassified_SGB47659",0,0,0.0712255144259366,0,0,0,0,0.654679660299088,0.934628632319285,"Bacteria","Firmicutes","Firmicutes_unclassified","Firmicutes_unclassified","Firmicutes_unclassified","Firmicutes_unclassified"
"Flavonifractor_plautii",0.0216881112424493,0.0469906930702209,0.0796372860721064,0.084459725176675,0.0119040614622847,0.0315472632492737,-1.40455704051922,0.156484692570981,0.675354988990551,"Bacteria","Firmicutes","Clostridia","Eubacteriales","Oscillospiraceae","Flavonifractor"
"Fournierella_massiliensis",0,0,0,0,0,0,0,0.704309638232298,0.954409610036142,"Bacteria","Firmicutes","Clostridia","Eubacteriales","Oscillospiraceae","Fournierella"
"Frisingicoccus_SGB4674",0,0,0.01367522193241,0,0,0,0,0.0947873058359999,0.584397656614292,"Bacteria","Firmicutes","Clostridia","Eubacteriales","Lachnospiraceae","Frisingicoccus"
"Fumia_xinanensis",0,0,0,0,0,0,0,0.0169455572853479,0.491380715359753,"Bacteria","Firmicutes","Clostridia","Eubacteriales","Oscillospiraceae","Fumia"
"Fusicatenibacter_saccharivorans",0.212800795413193,0,0,0.0648891824344143,0.0777991318389503,0.120603847661178,-0.632318681227232,0.140551637586848,0.637696412218869,"Bacteria","Firmicutes","Clostridia","Eubacteriales","Lachnospiraceae","Fusicatenibacter"
"Fusicatenibacter_sp_CLA_AA_H277",0.0283357652195108,0,0,0,0,0.011099776353773,-9.12232748163009,0.12120609211676,0.606080673343719,"Bacteria","Firmicutes","Clostridia","Eubacteriales","Lachnospiraceae","Fusicatenibacter"
"Gemmiger_formicilis",0.120581700777626,0,0,0,0.0169034666188464,0.0617157643561412,-1.86708431405039,0.711927493665171,0.954409610036142,"Bacteria","Firmicutes","Clostridia","Eubacteriales","Eubacteriales_unclassified","Gemmiger"
"Gemmiger_SGB15295",0,0,0,0,0,0,0,0.958498333909155,0.998327945067383,"Bacteria","Firmicutes","Clostridia","Eubacteriales","Eubacteriales_unclassified","Gemmiger"
"GGB13489_SGB15224",0,0,0,0,0,0,0,0.354159448446318,0.803646757280045,"Bacteria","Firmicutes","Clostridia","Eubacteriales","Oscillospiraceae","GGB13489"
"GGB1661_SGB2275",0,0,0,0,0,0,0,0.669726677921882,0.935608766239681,"Bacteria","Bacteroidota","CFGB667","OFGB667","FGB667","GGB1661"
"GGB2653_SGB3574",0.0137772341226672,0,0.0216211223711308,0.0330696006190678,0,0.0120294244358997,-9.23816441866347,0.0030554507305816,0.312631868221538,"Bacteria","Firmicutes","CFGB1011","OFGB1011","FGB1011","GGB2653"
"GGB2848_SGB3813",0,0,0,0,0,0,0,0.765136692154329,0.962780697033068,"Bacteria","Firmicutes","CFGB1126","OFGB1126","FGB1126","GGB2848"
"GGB2980_SGB3962",0,0,0.0158751762589875,0.0294915587925383,0.00617255708918642,0,8.27780198750573,0.616309939470161,0.924464909205242,"Bacteria","Firmicutes","Clostridia","Eubacteriales","Eubacteriales_Family_XIII_Incertae_Sedis","GGB2980"
"GGB2982_SGB3964",0,0,0,0.0106020847131572,0,0.00833676215282019,-8.71021365721339,0.789653682886331,0.973074249297019,"Bacteria","Firmicutes","CFGB1217","OFGB1217","FGB1217","GGB2982"
"GGB2987_SGB3969",0,0,0,0.0108905774451584,0,0,0,0.515345129951144,0.894135506348695,"Bacteria","Firmicutes","Clostridia","Eubacteriales","Eubacteriales_Family_XIII_Incertae_Sedis","GGB2987"
"GGB2998_SGB3988",0,0,0,0,0,0,0,0.632505332041781,0.928933204073303,"Bacteria","Firmicutes","CFGB1226","OFGB1226","FGB1226","GGB2998"
"GGB3000_SGB3991",0,0,0,0,0,0,0,0.757333833963941,0.962780697033068,"Bacteria","Firmicutes","CFGB1227","OFGB1227","FGB1227","GGB3000"
"GGB3001_SGB3992",0.0237845995523187,0,0,0,0,0,0,0.248282820146195,0.714357587789053,"Bacteria","Firmicutes","CFGB1227","OFGB1227","FGB1227","GGB3001"
"GGB3005_SGB3996",0.0065269168276352,0.135583820850701,0.0338369195190412,0.0304858621654315,0.00560359849548301,0.013509668377444,-1.2665680805307,0.307871198422983,0.772853481174995,"Bacteria","Firmicutes","CFGB1227","OFGB1227","FGB1227","GGB3005"
"GGB3033_SGB4029",0,0,0,0.0624127784566615,0,0,0,0.307884720142884,0.772853481174995,"Bacteria","Firmicutes","CFGB1249","OFGB1249","FGB1249","GGB3033"
"GGB3034_SGB4030",0,0,0,0.0507208545408224,0,0,0,0.0549743403934546,0.52504790428527,"Bacteria","Firmicutes","CFGB1249","OFGB1249","FGB1249","GGB3034"
"GGB3061_SGB4063",0,0,0,0,0,0,0,0.609773032142908,0.924464909205242,"Bacteria","Firmicutes","CFGB1262","OFGB1262","FGB1262","GGB3061"
"GGB3109_SGB4121",0,0.0410432213980002,0.0351711561929391,0.0217962193941263,0.00578794961015757,0.0226448160885525,-1.96436236575674,0.341703956937746,0.796370347750334,"Bacteria","Firmicutes","CFGB1292","OFGB1292","FGB1292","GGB3109"
"GGB31234_SGB14869",0,0,0,0,0,0,0,0.09599130016762,0.584397656614292,"Bacteria","Firmicutes","CFGB3009","OFGB3009","FGB3009","GGB31234"
"GGB3167_SGB4181",0,0,0,0,0,0,0,0.393061348930931,0.834138454193711,"Bacteria","Firmicutes","Clostridia","Eubacteriales","Oscillospiraceae","GGB3167"
"GGB3256_SGB4303",0,0,0,0,0,0,0,0.560127477527423,0.915557205792333,"Bacteria","Firmicutes","CFGB14936","OFGB14936","FGB14936","GGB3256"
"GGB3277_SGB4327",0,0,0,0,0,0,0,0.546070318321968,0.910734225811553,"Bacteria","Firmicutes","Clostridia","Eubacteriales","Eubacteriaceae","GGB3277"
"GGB3278_SGB4328",0,0,0,0,0,0,0,0.449943630083452,0.87401473381793,"Bacteria","Firmicutes","Clostridia","Eubacteriales","Eubacteriaceae","GGB3278"
"GGB32900_SGB53446",0,0.0141213772256209,0.0600302203106756,0.0226690972369253,0,0.0283763384597203,-10.4749083638914,0.196601396401387,0.683379104739591,"Bacteria","Firmicutes","Clostridia","Eubacteriales","Oscillospiraceae","GGB32900"
"GGB3304_SGB4367",0,0,0,0,0,0,0,0.0524429285033705,0.52504790428527,"Bacteria","Firmicutes","CFGB1354","OFGB1354","FGB1354","GGB3304"
"GGB3321_SGB4394",0,0,0,0,0,0,0,0.498405865975815,0.888371813346811,"Bacteria","Firmicutes","CFGB1359","OFGB1359","FGB1359","GGB3321"
"GGB33469_SGB15236",0.00816710126353366,0.0245626025317903,0,0,0,0,0,0.108735282651239,0.601098416454041,"Bacteria","Firmicutes","Clostridia","Eubacteriales","Oscillospiraceae","GGB33469"
"GGB33512_SGB15201",0.00453873991270251,0,0.0218214498031542,0.0215678482322738,0,0,0,0.643731397685641,0.934265037349072,"Bacteria","Firmicutes","CFGB3054","OFGB3054","FGB3054","GGB33512"
"GGB33512_SGB15202",0,0,0,0,0,0,0,0.290221283231201,0.768759381372773,"Bacteria","Firmicutes","CFGB3054","OFGB3054","FGB3054","GGB33512"
"GGB33512_SGB15203",0,0,0,0,0,0,0,0.206370935609237,0.683379104739591,"Bacteria","Firmicutes","CFGB3054","OFGB3054","FGB3054","GGB33512"
"GGB3352_SGB62935",0,0,0,0,0,0,0,0.96816402191165,0.998327945067383,"Bacteria","Firmicutes","CFGB1374","OFGB1374","FGB1374","GGB3352"
"GGB33586_SGB53517",0,0.0125143200584803,0.00866613495737243,0,0,0,0,0.779757629374896,0.970586172387876,"Bacteria","Firmicutes","CFGB3038","OFGB3038","FGB3038","GGB33586"
"GGB3433_SGB4573",0.0320273570094396,0,0,0.0621947317665031,0,0.0136788747282399,-9.42325825691871,0.117221706080669,0.606080673343719,"Bacteria","Firmicutes","Clostridia","Eubacteriales","Lachnospiraceae","GGB3433"
"GGB3433_SGB4574",0,0,0.154620901767967,0.071478632158549,0,0,0,0.991068076313954,0.998327945067383,"Bacteria","Firmicutes","Clostridia","Eubacteriales","Lachnospiraceae","GGB3433"
"GGB3444_SGB4594",0,0,0.0213885447559827,0.0118155187180137,0,0,0,0.00571887563819887,0.312631868221538,"Bacteria","Firmicutes","Clostridia","Eubacteriales","Lachnospiraceae","GGB3444"
"GGB3446_SGB4597",0,0,0.0185967721861088,0,0,0,0,0.931069300614678,0.987553875399655,"Bacteria","Firmicutes","Clostridia","Eubacteriales","Lachnospiraceae","GGB3446"
"GGB3475_SGB4638",0,0,0,0,0,0,0,0.00473139847912169,0.312631868221538,"Bacteria","Firmicutes","Clostridia","Eubacteriales","Lachnospiraceae","GGB3475"
"GGB34797_SGB14322",0,0,0,0,0,0,0,0.0665384530046077,0.543849487444418,"Bacteria","Actinobacteria","CFGB12107","OFGB12107","FGB12107","GGB34797"
"GGB3480_SGB4648",0.07999088209768,0,0,0,0,0,0,0.0961888725866231,0.584397656614292,"Bacteria","Firmicutes","Clostridia","Eubacteriales","Clostridiaceae","GGB3480"
"GGB34900_SGB14891",0,0,0.0264397999418787,0.014533232573383,0,0,0,0.847634125811104,0.979275237437679,"Bacteria","Firmicutes","CFGB77202","OFGB77202","FGB77202","GGB34900"
"GGB3496_SGB4671",0,0.0546046047111073,0,0,0,0,0,0.454980382482787,0.874415422584106,"Bacteria","Firmicutes","Clostridia","Eubacteriales","Lachnospiraceae","GGB3496"
"GGB3497_SGB4672",0,0,0,0,0,0,0,0.426747959100775,0.864032904846014,"Bacteria","Firmicutes","Clostridia","Eubacteriales","Lachnospiraceae","GGB3497"
"GGB3504_SGB4680",0,0,0,0.0702967571158802,0,0,0,0.892707757105172,0.982577665538579,"Bacteria","Firmicutes","Clostridia","Eubacteriales","Lachnospiraceae","GGB3504"
"GGB3510_SGB4687",0,0.0117092396572401,0,0.00796249543537532,0,0,0,0.380872292166736,0.834138454193711,"Bacteria","Firmicutes","CFGB79245","OFGB79245","FGB79245","GGB3510"
"GGB3511_SGB4688",0,0.00952904856255497,0.0567879013558454,0.0211321183332272,0,0,0,0.120832491692871,0.606080673343719,"Bacteria","Firmicutes","CFGB28775","OFGB28775","FGB28775","GGB3511"
"GGB3534_SGB4722",0,0,0.00701432938644158,0.0297751889619988,0,0,0,0.48416017919215,0.886721787117423,"Bacteria","Firmicutes","Clostridia","Eubacteriales","Lachnospiraceae","GGB3534"
"GGB3537_SGB4727",0,0,0.00906654668656426,0,0,0,0,0.118129789758746,0.606080673343719,"Bacteria","Firmicutes","Clostridia","Eubacteriales","Lachnospiraceae","GGB3537"
"GGB3548_SGB4744",0,0,0,0.00853239470498029,0,0,0,0.334297339312982,0.796370347750334,"Bacteria","Firmicutes","Clostridia","Eubacteriales","Clostridiaceae","GGB3548"
"GGB3550_SGB4746",0,0,0.0594926420728042,0.00538519056650862,0,0,0,0.666781738437715,0.935608766239681,"Bacteria","Firmicutes","Clostridia","Eubacteriales","Clostridiaceae","GGB3550"
"GGB3550_SGB4747",0.0567473179866788,0,0,0,0,0,0,0.926319322371145,0.987553875399655,"Bacteria","Firmicutes","Clostridia","Eubacteriales","Clostridiaceae","GGB3550"
"GGB3569_SGB4776",0,0,0,0,0,0,0,0.425916778304901,0.864032904846014,"Bacteria","Firmicutes","CFGB9718","OFGB9718","FGB9718","GGB3569"
"GGB3576_SGB4784",0,0,0,0,0,0,0,0.257259461567161,0.731628064110077,"Bacteria","Firmicutes","Clostridia","Eubacteriales","Lachnospiraceae","GGB3576"
"GGB3588_SGB4808",0,0,0,0,0,0,0,0.101563080404282,0.584397656614292,"Bacteria","Firmicutes","Clostridia","Eubacteriales","Lachnospiraceae","GGB3588"
"GGB3600_SGB4861",0,0,0,0,0,0,0,0.481602000400919,0.886721787117423,"Bacteria","Firmicutes","Clostridia","Eubacteriales","Lachnospiraceae","GGB3600"
"GGB3602_SGB4865",0,0,0,0,0,0,0,0.185297686698414,0.683379104739591,"Bacteria","Firmicutes","Clostridia","Eubacteriales","Lachnospiraceae","GGB3602"
"GGB3619_SGB4894",0,0,0,0,0,0,0,0.0387386678800995,0.52504790428527,"Bacteria","Firmicutes","Clostridia","Eubacteriales","Lachnospiraceae","GGB3619"
"GGB36267_SGB14177",0,0,0,0,0,0,0,0.0780178822702473,0.556301421405242,"Bacteria","Firmicutes","CFGB2915","OFGB2915","FGB2915","GGB36267"
"GGB36331_SGB15121",0,0,0,0,0,0,0,0.490681898710839,0.887556963844606,"Bacteria","Firmicutes","Clostridia","Eubacteriales","Oscillospiraceae","GGB36331"
"GGB3653_SGB4964",0.00472230725764655,0.0152878466190217,0.0621971590716797,0.023366628124846,0.032110032790554,0.0598655285170543,-0.898285947173134,0.319890512697342,0.783015583318867,"Bacteria","Firmicutes","Clostridia","Eubacteriales","Lachnospiraceae","GGB3653"
"GGB3730_SGB5060",0,0,0,0,0,0,0,0.0135782981266882,0.491380715359753,"Bacteria","Firmicutes","CFGB1473","OFGB1473","FGB1473","GGB3730"
"GGB3818_SGB5183",0,0.00859661766369867,0,0,0,0,0,0.479045898314632,0.886721787117423,"Bacteria","Firmicutes","Clostridia","Eubacteriales","Lachnospiraceae","GGB3818"
"GGB3819_SGB5184",0.0146872633520503,0,0.0218603799738582,0.0285783526329086,0,0,0,0.228560290114526,0.689408438738912,"Bacteria","Firmicutes","Clostridia","Eubacteriales","Lachnospiraceae","GGB3819"
"GGB38744_SGB14842",0.00897787492062499,0.0263450317391775,0.0590156099281438,0.0320164034867839,0.0184482610581376,0.00923051568385842,0.9974460205483,0.296954763400725,0.769443776456889,"Bacteria","Firmicutes","Clostridia","Eubacteriales","Oscillospiraceae","GGB38744"
"GGB41473_SGB58537",0,0,0.0463793306905188,0,0,0,0,0.828082075233463,0.978028566757091,"Bacteria","Firmicutes","Clostridia","Eubacteriales","Lachnospiraceae","GGB41473"
"GGB42389_SGB59559",0,0.027426059276662,0.0338206487615568,0,0,0,0,0.509467603152213,0.894135506348695,"Bacteria","Firmicutes","CFGB40183","OFGB40183","FGB40183","GGB42389"
"GGB43675_SGB61016",0,0,0,0,0,0,0,0.519388761734323,0.894712525790321,"Bacteria","Firmicutes","CFGB79326","OFGB79326","FGB79326","GGB43675"
"GGB4456_SGB6141",0,0,0,0,0,0,0,0.123500748671299,0.607623683462791,"Bacteria","Firmicutes","Clostridia","Eubacteriales","Peptostreptococcaceae","GGB4456"
"GGB45432_SGB63101",0.00822809751712406,0,0.0171472702005338,0.0359618864828147,0.017897881750909,0.0222166852476036,-0.311542394678273,0.200208021549534,0.683379104739591,"Bacteria","Actinobacteria","Coriobacteriia","Eggerthellales","Eggerthellaceae","GGB45432"
"GGB45491_SGB63163",0.00664083488549824,0,0.0249264677950522,0,0,0,0,0.7245354954001,0.958213041405174,"Bacteria","Firmicutes","CFGB3072","OFGB3072","FGB3072","GGB45491"
"GGB45495_SGB63167",0,0,0,0,0,0,0,0.0228718635060753,0.491380715359753,"Bacteria","Firmicutes","CFGB3072","OFGB3072","FGB3072","GGB45495"
"GGB45497_SGB63169",0,0,0.0201607327964832,0.00798131231308589,0,0,0,0.921995696549287,0.987553875399655,"Bacteria","Firmicutes","CFGB77241","OFGB77241","FGB77241","GGB45497"
"GGB45503_SGB63175",0,0,0,0,0,0,0,0.298706831917207,0.769443776456889,"Bacteria","Firmicutes","CFGB45503","OFGB45503","FGB45503","GGB45503"
"GGB45613_SGB63326",0,0,0,0,0,0,0,0.189324416135689,0.683379104739591,"Bacteria","Firmicutes","CFGB45628","OFGB45628","FGB45628","GGB45613"
"GGB4566_SGB6305",0,0,0,0.0347186422349166,0,0,0,0.291569626431635,0.768759381372773,"Bacteria","Firmicutes","CFGB1765","OFGB1765","FGB1765","GGB4566"
"GGB4571_SGB6321",0,0,0.146839471128631,0,0,0,0,0.735367250880242,0.958213041405174,"Bacteria","Firmicutes","CFGB1765","OFGB1765","FGB1765","GGB4571"
"GGB4599_SGB6362",0,0,0,0,0,0,0,0.289601146045655,0.768759381372773,"Bacteria","Firmicutes","CFGB1765","OFGB1765","FGB1765","GGB4599"
"GGB4605_SGB6376",0,0,0,0,0,0,0,0.816593486451488,0.975765136756188,"Bacteria","Firmicutes","CFGB1765","OFGB1765","FGB1765","GGB4605"
"GGB47687_SGB2286",0,0,0,0,0,0,0,0.160365971097629,0.67936141424601,"Bacteria","Bacteroidota","CFGB1670","OFGB1670","FGB1670","GGB47687"
"GGB48165_SGB66168",0,0,0,0,0,0,0,0.275667865637074,0.761958370187867,"Bacteria","Firmicutes","CFGB45503","OFGB45503","FGB45503","GGB48165"
"GGB51139_SGB71360",0,0,0.0729399021013854,0.014202589279762,0,0,0,0.486615614881513,0.886721787117423,"Bacteria","Firmicutes","CFGB77566","OFGB77566","FGB77566","GGB51139"
"GGB51441_SGB71759",0,0,0,0,0,0,0,0.830489754157109,0.978028566757091,"Bacteria","Firmicutes","Clostridia","Eubacteriales","Lachnospiraceae","GGB51441"
"GGB51454_SGB71784",0,0,0,0,0,0,0,0.0752980574365663,0.556301421405242,"Bacteria","Firmicutes","Clostridia","Eubacteriales","Clostridiaceae","GGB51454"
"GGB51647_SGB4348",0,0,0,0,0,0,0,0.28302224011894,0.765196076518209,"Bacteria","Firmicutes","CFGB4806","OFGB4806","FGB4806","GGB51647"
"GGB51959_SGB72479",0,0,0,0,0,0,0,0.351500801798513,0.803646757280045,"Bacteria","Actinobacteria","Coriobacteriia","Coriobacteriales","Coriobacteriaceae","GGB51959"
"GGB52130_SGB14966",0,0,0,0.0232119948835838,0,0,0,0.248264708580023,0.714357587789053,"Bacteria","Firmicutes","CFGB3047","OFGB3047","FGB3047","GGB52130"
"GGB58158_SGB79798",0,0,0.0129849724641953,0.00692825831068013,0,0,0,0.021545863451621,0.491380715359753,"Bacteria","Firmicutes","CFGB3004","OFGB3004","FGB3004","GGB58158"
"GGB58233_SGB79883",0,0,0.00577930606042866,0.0150272078137261,0,0,0,0.263034992385534,0.735302365077742,"Bacteria","Firmicutes","CFGB45628","OFGB45628","FGB45628","GGB58233"
"GGB6612_SGB9346",0,0,0,0,0,0,0,0.919721559982685,0.987553875399655,"Bacteria","Proteobacteria","CFGB2404","OFGB2404","FGB2404","GGB6612"
"GGB74463_SGB54347",0,0,0,0,0,0,0,0.872916258823158,0.979275237437679,"Bacteria","Firmicutes","CFGB9238","OFGB9238","FGB9238","GGB74463"
"GGB74505_SGB47518",0,0,0.0269884599931992,0,0,0,0,0.425791063083798,0.864032904846014,"Bacteria","Firmicutes","Clostridia","Eubacteriales","Lachnospiraceae","GGB74505"
"GGB74511_SGB47635",0,0,0,0.00613192200722497,0,0,0,0.178081780930704,0.683379104739591,"Bacteria","Firmicutes","CFGB72939","OFGB72939","FGB72939","GGB74511"
"GGB87445_SGB15180",0,0,0,0,0,0,0,0.204062568939535,0.683379104739591,"Bacteria","Firmicutes","CFGB79294","OFGB79294","FGB79294","GGB87445"
"GGB9176_SGB14114",0,0,0,0,0,0,0,0.0280026498633589,0.52504790428527,"Bacteria","Firmicutes","CFGB2875","OFGB2875","FGB2875","GGB9176"
"GGB9186_SGB14125",0,0,0,0,0,0,0,0.744951169253264,0.958213041405174,"Bacteria","Firmicutes","Clostridia","Eubacteriales","Christensenellaceae","GGB9186"
"GGB9198_SGB14137",0,0,0.0472065174658537,0,0,0,0,0.193603200508827,0.683379104739591,"Bacteria","Firmicutes","CFGB2890","OFGB2890","FGB2890","GGB9198"
"GGB9210_SGB14149",0,0,0.018821314990505,0,0,0,0,0.875928499011296,0.979275237437679,"Bacteria","Firmicutes","CFGB2898","OFGB2898","FGB2898","GGB9210"
"GGB9211_SGB14151",0,0,0,0,0,0,0,0.388374309098727,0.834138454193711,"Bacteria","Firmicutes","CFGB2898","OFGB2898","FGB2898","GGB9211"
"GGB9237_SGB14179",0,0,0,0.0144746195378427,0,0,0,0.200230997795332,0.683379104739591,"Bacteria","Firmicutes","Clostridia","Eubacteriales","Oscillospiraceae","GGB9237"
"GGB9240_SGB14182",0,0,0,0.0116793059923646,0,0,0,0.986212936209116,0.998327945067383,"Bacteria","Firmicutes","CFGB2918","OFGB2918","FGB2918","GGB9240"
"GGB9293_SGB14250",0,0,0,0,0,0,0,0.210470723639779,0.683379104739591,"Bacteria","Firmicutes","CFGB2952","OFGB2952","FGB2952","GGB9293"
"GGB9301_SGB14262",0,0,0,0,0,0,0,0.177999260717298,0.683379104739591,"Bacteria","Firmicutes","CFGB2959","OFGB2959","FGB2959","GGB9301"
"GGB9342_SGB14306",0,0,0,0,0,0,0,0.181699259280991,0.683379104739591,"Bacteria","Firmicutes","CFGB2982","OFGB2982","FGB2982","GGB9342"
"GGB9345_SGB14311",0,0,0,0,0,0,0,0.134898051322617,0.637696412218869,"Bacteria","Firmicutes","CFGB10477","OFGB10477","FGB10477","GGB9345"
"GGB9347_SGB14313",0,0,0,0,0,0,0,0.0464942422744386,0.52504790428527,"Bacteria","Firmicutes","CFGB2984","OFGB2984","FGB2984","GGB9347"
"GGB9365_SGB14341",0,0,0,0.0534285968062206,0.00699290908922448,0,8.45728104088953,0.543155811331171,0.908954623044,"Bacteria","Actinobacteria","Coriobacteriia","Eggerthellales","Eggerthellaceae","GGB9365"
"GGB9412_SGB14770",0,0,0,0,0,0,0,0.120985785621306,0.606080673343719,"Bacteria","Actinobacteria","CFGB2992","OFGB2992","FGB2992","GGB9412"
"GGB9453_SGB14844",0,0,0.0730746135281728,0.0269643491198645,0,0,0,0.176365810339509,0.683379104739591,"Bacteria","Firmicutes","Clostridia","Eubacteriales","Oscillospiraceae","GGB9453"
"GGB9453_SGB14845",0,0,0,0,0,0,0,0.0178727789139837,0.491380715359753,"Bacteria","Firmicutes","Clostridia","Eubacteriales","Oscillospiraceae","GGB9453"
"GGB9469_SGB14862",0,0.151652145388349,0.0479986373566889,0,0,0,0,0.904893349881157,0.984972407392763,"Bacteria","Firmicutes","Clostridia","Eubacteriales","Oscillospiraceae","GGB9469"
"GGB9474_SGB14868",0,0,0.0104644167962209,0,0,0,0,0.950302674818022,0.998327945067383,"Bacteria","Firmicutes","CFGB3009","OFGB3009","FGB3009","GGB9474"
"GGB9480_SGB14874",0.0997601111688082,0.112280414335461,0.209175638837627,0.0918197457357799,0,0.0728855498507762,-11.8352335609026,0.00325837273659166,0.312631868221538,"Bacteria","Firmicutes","CFGB3012","OFGB3012","FGB3012","GGB9480"
"GGB9491_SGB14888",0,0,0,0,0,0,0,0.729229261845024,0.958213041405174,"Bacteria","Firmicutes","CFGB9491","OFGB9491","FGB9491","GGB9491"
"GGB9495_SGB14892",0.0106960023227123,0,0,0,0,0,0,0.0625493050140084,0.52504790428527,"Bacteria","Firmicutes","Clostridia","Eubacteriales","Oscillospiraceae","GGB9495"
"GGB9501_SGB14898",0,0,0.00937563828076673,0.0518682124029089,0,0,0,0.830926709155415,0.978028566757091,"Bacteria","Firmicutes","CFGB3023","OFGB3023","FGB3023","GGB9501"
"GGB9502_SGB14899",0.0117731273901634,0,0,0,0.00471170408682647,0.0121246515068225,-1.35989815159447,0.209150303257994,0.683379104739591,"Bacteria","Firmicutes","CFGB3023","OFGB3023","FGB3023","GGB9502"
"GGB9509_SGB14906",0,0,0.0485195550999074,0.0646701374061966,0,0,0,0.65544741720377,0.934628632319285,"Bacteria","Firmicutes","Firmicutes_unclassified","Firmicutes_unclassified","Firmicutes_unclassified","GGB9509"
"GGB9512_SGB14909",0.0163867103436071,0.0674551566404826,0,0,0.0192936844910603,0,9.91882573216369,0.121955257441114,0.606080673343719,"Bacteria","Firmicutes","Firmicutes_unclassified","Firmicutes_unclassified","Firmicutes_unclassified","GGB9512"
"GGB9522_SGB14921",0,0,0,0,0.0141814527649881,0,9.47523956382509,0.00250757107710487,0.312631868221538,"Bacteria","Firmicutes","CFGB79291","OFGB79291","FGB79291","GGB9522"
"GGB9524_SGB14923",0,0.0153954140176368,0.0379155514633153,0,0,0,0,0.206745975770139,0.683379104739591,"Bacteria","Firmicutes","CFGB75721","OFGB75721","FGB75721","GGB9524"
"GGB9524_SGB14924",0,0,0,0,0,0,0,0.26244382701391,0.735302365077742,"Bacteria","Firmicutes","CFGB75721","OFGB75721","FGB75721","GGB9524"
"GGB9531_SGB14932",0,0.0407850763480264,0.0327013967837861,0,0,0.00513811615316014,-8.0141087710738,0.710902299246004,0.954409610036142,"Bacteria","Firmicutes","CFGB3038","OFGB3038","FGB3038","GGB9531"
"GGB9534_SGB14937",0.0286500488426538,0.0333633506744083,0,0,0,0,0,0.234366195849149,0.693177258891188,"Bacteria","Firmicutes","CFGB3038","OFGB3038","FGB3038","GGB9534"
"GGB9545_SGB14952",0,0,0,0,0,0,0,0.761264221523999,0.962780697033068,"Bacteria","Firmicutes","CFGB82363","OFGB82363","FGB82363","GGB9545"
"GGB9547_SGB14954",0,0,0,0,0,0,0,0.774796544646588,0.967512436462237,"Bacteria","Firmicutes","CFGB3041","OFGB3041","FGB3041","GGB9547"
"GGB9559_SGB14969",0,0,0,0,0,0,0,0.384674221378973,0.834138454193711,"Bacteria","Firmicutes","CFGB3048","OFGB3048","FGB3048","GGB9559"
"GGB9561_SGB14972",0.00570091057113654,0,0,0,0,0,0,0.575267438938435,0.918684841689998,"Bacteria","Firmicutes","CFGB3048","OFGB3048","FGB3048","GGB9561"
"GGB9563_SGB14975",0,0,0,0.016508323004664,0,0,0,0.694571196970223,0.946617808613157,"Bacteria","Firmicutes","Clostridia","Eubacteriales","Eubacteriales_unclassified","GGB9563"
"GGB9602_SGB15028",0,0,0,0,0,0,0,0.639934749056178,0.931502652472307,"Bacteria","Firmicutes","Clostridia","Eubacteriales","Oscillospiraceae","GGB9602"
"GGB9602_SGB15031",0.0257049822056776,0,0,0,0,0,0,0.298382787096483,0.769443776456889,"Bacteria","Firmicutes","Clostridia","Eubacteriales","Oscillospiraceae","GGB9602"
"GGB9621_SGB15073",0,0,0,0.0139431911334427,0,0,0,0.282296591959056,0.765196076518209,"Bacteria","Firmicutes","Clostridia","Eubacteriales","Oscillospiraceae","GGB9621"
"GGB9627_SGB15081",0,0,0,0,0,0,0,0.0401293794201296,0.52504790428527,"Bacteria","Firmicutes","Clostridia","Eubacteriales","Oscillospiraceae","GGB9627"
"GGB9635_SGB15106",0.0399029614899552,0,0,0,0,0,0,0.0989952636598023,0.584397656614292,"Bacteria","Firmicutes","Clostridia","Eubacteriales","Oscillospiraceae","GGB9635"
"GGB9640_SGB15115",0,0,0,0,0,0,0,0.610627203509092,0.924464909205242,"Bacteria","Firmicutes","Clostridia","Eubacteriales","Oscillospiraceae","GGB9640"
"GGB9641_SGB15117",0,0,0,0.0687191990000997,0,0,0,0.100597982932723,0.584397656614292,"Bacteria","Firmicutes","Clostridia","Eubacteriales","Oscillospiraceae","GGB9641"
"GGB9646_SGB15123",0,0,0,0,0,0,0,0.702315160036068,0.954409610036142,"Bacteria","Firmicutes","Clostridia","Eubacteriales","Oscillospiraceae","GGB9646"
"GGB9667_SGB15164",0,0,0.0184645285031436,0,0,0.0101145212330518,-8.98847704763982,0.076872990147792,0.556301421405242,"Bacteria","Firmicutes","Clostridia","Eubacteriales","Oscillospiraceae","GGB9667"
"GGB9694_SGB15204",0,0,0,0,0,0,0,0.0544367820113511,0.52504790428527,"Bacteria","Firmicutes","CFGB3054","OFGB3054","FGB3054","GGB9694"
"GGB9699_SGB15216",0.016072413484119,0.0457554478711512,0.0267707178251574,0.0746407260976316,0.0200238174246458,0.0198230025043728,0.0145269954465435,0.499153726270253,0.888371813346811,"Bacteria","Firmicutes","Clostridia","Eubacteriales","Oscillospiraceae","GGB9699"
"GGB9707_SGB15229",0,0,0,0,0,0,0,0.451554100787582,0.87401473381793,"Bacteria","Firmicutes","Clostridia","Eubacteriales","Oscillospiraceae","GGB9707"
"GGB9708_SGB15233",0,0,0,0,0,0,0,0.912573117347723,0.987553875399655,"Bacteria","Firmicutes","Clostridia","Eubacteriales","Oscillospiraceae","GGB9708"
"GGB9708_SGB15234",0,0,0,0,0,0,0,0.354453955954816,0.803646757280045,"Bacteria","Firmicutes","Clostridia","Eubacteriales","Oscillospiraceae","GGB9708"
"GGB9712_SGB15244",0.019213166132029,0,0,0,0,0,0,0.305875778163317,0.772853481174995,"Bacteria","Firmicutes","CFGB9989","OFGB9989","FGB9989","GGB9712"
"GGB9715_SGB15260",0.0570203919732782,0,0,0,0,0,0,0.393333580026303,0.834138454193711,"Bacteria","Firmicutes","Clostridia","Eubacteriales","Oscillospiraceae","GGB9715"
"GGB9715_SGB15265",0,0,0,0,0,0,0,0.132164135031407,0.637497592504433,"Bacteria","Firmicutes","Clostridia","Eubacteriales","Oscillospiraceae","GGB9715"
"GGB9715_SGB15267",0,0,0,0,0,0,0,0.0883829125381179,0.584397656614292,"Bacteria","Firmicutes","Clostridia","Eubacteriales","Oscillospiraceae","GGB9715"
"GGB9719_SGB15272",0,0.0692862027582561,0.0363604564865559,0,0,0,0,0.0165860001538243,0.491380715359753,"Bacteria","Firmicutes","CFGB3057","OFGB3057","FGB3057","GGB9719"
"GGB9719_SGB15273",0.0134168164277711,0,0,0.0336069192781596,0,0,0,0.395258574796295,0.834623256651404,"Bacteria","Firmicutes","CFGB3057","OFGB3057","FGB3057","GGB9719"
"GGB9719_SGB53514",0,0,0,0,0,0,0,0.21417732528605,0.683379104739591,"Bacteria","Firmicutes","CFGB3057","OFGB3057","FGB3057","GGB9719"
"GGB9724_SGB15278",0,0,0,0,0,0,0,0.800498051129859,0.973609362131882,"Bacteria","Firmicutes","Clostridia","Eubacteriales","Oscillospiraceae","GGB9724"
"GGB9730_SGB15291",0,0,0,0,0,0,0,0.758672384576574,0.962780697033068,"Bacteria","Firmicutes","Clostridia","Eubacteriales","Oscillospiraceae","GGB9730"
"GGB9747_SGB15356",0,0,0,0,0,0,0,0.0329040109991291,0.52504790428527,"Bacteria","Firmicutes","CFGB3062","OFGB3062","FGB3062","GGB9747"
"GGB9759_SGB15370",0,0,0,0,0,0,0,0.56503721916888,0.917486177660359,"Bacteria","Firmicutes","Clostridia","Eubacteriales","Eubacteriales_unclassified","GGB9759"
"GGB9760_SGB15373",0,0,0,0,0,0.0311418236644633,-10.6089833286292,0.0403275196662439,0.52504790428527,"Bacteria","Firmicutes","Clostridia","Eubacteriales","Eubacteriales_unclassified","GGB9760"
"GGB9760_SGB15374",0,0,0,0,0,0,0,0.730808535426221,0.958213041405174,"Bacteria","Firmicutes","Clostridia","Eubacteriales","Eubacteriales_unclassified","GGB9760"
"GGB9765_SGB15382",0,0,0.0229759219479477,0.00708525476010965,0,0,0,0.99012562672034,0.998327945067383,"Bacteria","Firmicutes","CFGB38642","OFGB38642","FGB38642","GGB9765"
"GGB9767_SGB15385",0,0,0,0,0,0,0,0.582472655276963,0.918684841689998,"Bacteria","Firmicutes","CFGB3069","OFGB3069","FGB3069","GGB9767"
"GGB9770_SGB15389",0,0,0.00451665172462584,0,0,0,0,0.0819562521323476,0.56792219787486,"Bacteria","Firmicutes","CFGB3069","OFGB3069","FGB3069","GGB9770"
"GGB9770_SGB15390",0.038009168393455,0,0.0456765910162539,0.0304086317756816,0.0111760978376463,0.00800633069442781,0.48018590686334,0.989828456852872,0.998327945067383,"Bacteria","Firmicutes","CFGB3069","OFGB3069","FGB3069","GGB9770"
"GGB9775_SGB15395",0,0,0,0.0354333915172903,0,0,0,0.437083089896906,0.872975694828678,"Bacteria","Firmicutes","CFGB3070","OFGB3070","FGB3070","GGB9775"
"GGB9781_SGB15402",0,0,0.0284520399689279,0.0122477543083848,0.0122477543083848,0.0171822315715959,-0.487726151375709,0.862773190807642,0.979275237437679,"Bacteria","Firmicutes","CFGB3072","OFGB3072","FGB3072","GGB9781"
"GGB9781_SGB66170",0,0,0.0194048276353893,0,0.00903339288278972,0.0147822831147605,-0.709292179145408,0.773338518943905,0.967512436462237,"Bacteria","Firmicutes","CFGB3072","OFGB3072","FGB3072","GGB9781"
"GGB9782_SGB15403",0,0,0,0,0,0,0,0.24706566594586,0.714357587789053,"Bacteria","Firmicutes","CFGB3072","OFGB3072","FGB3072","GGB9782"
"GGB9783_SGB15405",0,0,0,0,0,0,0,0.34477008957484,0.796370347750334,"Bacteria","Firmicutes","CFGB3072","OFGB3072","FGB3072","GGB9783"
"GGB9786_SGB15409",0,0,0,0,0,0,0,0.0297253779303241,0.52504790428527,"Bacteria","Firmicutes","CFGB3072","OFGB3072","FGB3072","GGB9786"
"GGB9787_SGB15410",0,0,0,0,0,0,0,0.629096776049371,0.928933204073303,"Bacteria","Firmicutes","CFGB3072","OFGB3072","FGB3072","GGB9787"
"GGB9788_SGB15411",0,0,0,0,0,0,0,0.01650572920245,0.491380715359753,"Bacteria","Firmicutes","CFGB3072","OFGB3072","FGB3072","GGB9788"
"GGB9790_SGB15413",0,0,0,0,0,0,0,0.086598229125806,0.583648338765706,"Bacteria","Firmicutes","CFGB45503","OFGB45503","FGB45503","GGB9790"
"GGB9818_SGB15459",0,0,0,0,0,0,0,0.791117275851235,0.973074249297019,"Bacteria","Proteobacteria","Deltaproteobacteria","Desulfovibrionales","Desulfovibrionaceae","GGB9818"
"Gordonibacter_pamelaeae",0.0303592483696918,0,0.0681335435741699,0.0375827720170145,0,0,0,0.902752009169898,0.984972407392763,"Bacteria","Actinobacteria","Coriobacteriia","Eggerthellales","Eggerthellaceae","Gordonibacter"
"Gordonibacter_urolithinfaciens",0,0.0490563994228234,0,0.0192521623054448,0.0100550159915173,0.0124462004529333,-0.307240988800832,0.20309905960434,0.683379104739591,"Bacteria","Actinobacteria","Coriobacteriia","Eggerthellales","Eggerthellaceae","Gordonibacter"
"Guopingia_tenuis",0,0.00594982561156672,0.0184645285031436,0.0199637898575367,0.00576197571148699,0.00514783677737151,0.162003449089687,0.54831610876004,0.911390288884932,"Bacteria","Firmicutes","Clostridia","Eubacteriales","Christensenellaceae","Guopingia"
"Holdemanella_porci",0.176658515583827,0,0,0,0,0,0,0.160591382638117,0.67936141424601,"Bacteria","Firmicutes","Erysipelotrichia","Erysipelotrichales","Erysipelotrichaceae","Holdemanella"
"Holdemania_filiformis",0.0180896652093596,0.0199362166148599,0.0220947851811532,0.0275061941196712,0,0.00742973823157317,-8.54445831955283,0.058036315537587,0.52504790428527,"Bacteria","Firmicutes","Erysipelotrichia","Erysipelotrichales","Erysipelotrichaceae","Holdemania"
"Holdemania_sp_1001095H_141210_F2",0,0,0,0,0,0,0,0.374953896742378,0.834138454193711,"Bacteria","Firmicutes","Erysipelotrichia","Erysipelotrichales","Erysipelotrichaceae","Holdemania"
"Hungatella_hathewayi",0,0.0255996733729499,0.00928991388219505,0.0148767034102679,0.0094022645386415,0,8.88334434470777,0.0150471588458747,0.491380715359753,"Bacteria","Firmicutes","Clostridia","Eubacteriales","Clostridiaceae","Hungatella"
"Hydrogeniiclostridium_mannosilyticum",0,0,0.0333903355193642,0.0237845876577741,0,0,0,0.758850301908705,0.962780697033068,"Bacteria","Firmicutes","Clostridia","Eubacteriales","Oscillospiraceae","Hydrogeniiclostridium"
"Hydrogenoanaerobacterium_saccharovorans",0.0107426506596206,0,0,0.0410907520621692,0,0,0,0.342132567789278,0.796370347750334,"Bacteria","Firmicutes","Clostridia","Eubacteriales","Oscillospiraceae","Hydrogenoanaerobacterium"
"Intestinibacter_bartlettii",0,0.0672429311281436,0,0,0,0,0,0.133657432341392,0.637696412218869,"Bacteria","Firmicutes","Clostridia","Eubacteriales","Peptostreptococcaceae","Intestinibacter"
"Intestinimonas_butyriciproducens",0,0,0.00727330347297753,0.0111087831847779,0,0.00993495179365496,-8.96268522511327,0.0125531831253183,0.491380715359753,"Bacteria","Firmicutes","Clostridia","Eubacteriales","Eubacteriales_unclassified","Intestinimonas"
"Intestinimonas_gabonensis",0,0,0,0.00875796513884146,0,0,0,0.387102189293325,0.834138454193711,"Bacteria","Firmicutes","Clostridia","Eubacteriales","Eubacteriales_unclassified","Intestinimonas"
"Intestinimonas_massiliensis",0,0,0,0,0,0.00834275822374957,-8.7112484418239,0.44405819132297,0.87401473381793,"Bacteria","Firmicutes","Clostridia","Eubacteriales","Eubacteriales_unclassified","Intestinimonas"
"Intestinimonas_sp_MSJ_38",0,0,0,0,0,0,0,0.3066237075826,0.772853481174995,"Bacteria","Firmicutes","Clostridia","Eubacteriales","Eubacteriales_unclassified","Intestinimonas"
"Kineothrix_SGB4886",0,0,0,0,0,0,0,0.614433604402705,0.924464909205242,"Bacteria","Firmicutes","Clostridia","Eubacteriales","Lachnospiraceae","Kineothrix"
"Lachnoclostridium_pacaense",0,0,0,0,0,0,0,0.83778204552488,0.979275237437679,"Bacteria","Firmicutes","Clostridia","Eubacteriales","Lachnospiraceae","Lachnoclostridium"
"Lachnospira_eligens",0,0.00859079916609566,0,0.0247027134816477,0.0111357583159519,0,9.12698831380602,0.0911260509452251,0.584397656614292,"Bacteria","Firmicutes","Clostridia","Eubacteriales","Lachnospiraceae","Lachnospira"
"Lachnospira_pectinoschiza",0.00939695049260579,0,0,0,0,0,0,0.041612758489321,0.52504790428527,"Bacteria","Firmicutes","Clostridia","Eubacteriales","Lachnospiraceae","Lachnospira"
"Lachnospira_sp_NSJ_43",0,0,0,0,0,0,0,0.0302272589769781,0.52504790428527,"Bacteria","Firmicutes","Clostridia","Eubacteriales","Lachnospiraceae","Lachnospira"
"Lachnospiraceae_bacterium",0.0622503524546291,0,0,0,0.0160724038398404,0.0364511887906186,-1.18037975080016,0.658721355841266,0.934628632319285,"Bacteria","Firmicutes","Clostridia","Eubacteriales","Lachnospiraceae","Lachnospiraceae_unclassified"
"Lachnospiraceae_bacterium_CLA_AA_H215",0,0,0,0,0,0,0,0.872076884265905,0.979275237437679,"Bacteria","Firmicutes","Clostridia","Eubacteriales","Lachnospiraceae","Lachnospiraceae_unclassified"
"Lachnospiraceae_bacterium_CLA_AA_H244",0.0151795225315783,0,0,0,0.0140646059988328,0.0256406733666623,-0.86544201169571,0.121068855542004,0.606080673343719,"Bacteria","Firmicutes","Clostridia","Eubacteriales","Lachnospiraceae","Lachnospiraceae_unclassified"
"Lachnospiraceae_bacterium_OF09_6",0,0,0,0,0,0,0,0.773243972106977,0.967512436462237,"Bacteria","Firmicutes","Clostridia","Eubacteriales","Lachnospiraceae","Lachnospiraceae_unclassified"
"Lachnospiraceae_bacterium_OM04_12BH",0,0,0,0,0,0,0,0.231204049577074,0.689408438738912,"Bacteria","Firmicutes","Clostridia","Eubacteriales","Lachnospiraceae","Lachnospiraceae_unclassified"
"Lachnotalea_sp_AF33_28",0,0.0246337747019974,0.00981341483124074,0,0,0,0,0.594613529386713,0.923904603944774,"Bacteria","Firmicutes","Clostridia","Eubacteriales","Lachnospiraceae","Lachnotalea"
"Lacrimispora_amygdalina",0,0,0,0,0,0,0,0.805267674274021,0.973609362131882,"Bacteria","Firmicutes","Clostridia","Eubacteriales","Lachnospiraceae","Lacrimispora"
"Lacticaseibacillus_paracasei",0,0.0247391384324464,0,0,0,0,0,0.529840243263686,0.903021341663971,"Bacteria","Firmicutes","Bacilli","Lactobacillales","Lactobacillaceae","Lacticaseibacillus"
"Lacticaseibacillus_rhamnosus",0,0,0,0,0,0,0,0.671802693552438,0.935608766239681,"Bacteria","Firmicutes","Bacilli","Lactobacillales","Lactobacillaceae","Lacticaseibacillus"
"Lactobacillus_gasseri",0,0,0,0,0,0,0,0.206137352341745,0.683379104739591,"Bacteria","Firmicutes","Bacilli","Lactobacillales","Lactobacillaceae","Lactobacillus"
"Lactococcus_cremoris",0,0,0.0113272023466088,0,0,0,0,0.316273193267237,0.781941764258697,"Bacteria","Firmicutes","Bacilli","Lactobacillales","Streptococcaceae","Lactococcus"
"Lactococcus_lactis",0.0118451124155184,0.0127714094992799,0.014608737942318,0,0,0,0,0.99266156052765,0.998327945067383,"Bacteria","Firmicutes","Bacilli","Lactobacillales","Streptococcaceae","Lactococcus"
"Lactonifactor_longoviformis",0,0,0.00803127634303935,0,0,0,0,0.953048028726076,0.998327945067383,"Bacteria","Firmicutes","Clostridia","Eubacteriales","Clostridiaceae","Lactonifactor"
"Lawsonibacter_asaccharolyticus",0.0110907688660446,0,0.0378045104287436,0.0572387640077494,0.0191688511934321,0.0323784787568004,-0.755659184262216,0.0572610308563285,0.52504790428527,"Bacteria","Firmicutes","Clostridia","Eubacteriales","Oscillospiraceae","Lawsonibacter"
"Lawsonibacter_faecis",0,0.00810564322068255,0,0,0,0,0,0.0320607498400631,0.52504790428527,"Bacteria","Firmicutes","Clostridia","Eubacteriales","Oscillospiraceae","Lawsonibacter"
"Lawsonibacter_hominis",0,0,0,0,0,0,0,0.0687225596951216,0.54385774858028,"Bacteria","Firmicutes","Clostridia","Eubacteriales","Oscillospiraceae","Lawsonibacter"
"Lentihominibacter_faecis",0.0361312767388556,0,0,0,0.02810173977926,0.0361312767388556,-0.362361288020369,0.435089284239134,0.872975694828678,"Bacteria","Firmicutes","Clostridia","Eubacteriales","Eubacteriales_Family_XIII_Incertae_Sedis","Lentihominibacter"
"Lentihominibacter_hominis",0,0,0,0,0,0,0,0.10791997104595,0.601098416454041,"Bacteria","Firmicutes","Clostridia","Eubacteriales","Eubacteriales_Family_XIII_Incertae_Sedis","Lentihominibacter"
"Longibaculum_muris",0,0.0191818976969437,0.0769074341265139,0,0,0,0,0.0497920094529413,0.52504790428527,"Bacteria","Firmicutes","Erysipelotrichia","Erysipelotrichales","Erysipelotrichaceae","Longibaculum"
"Longicatena_caecimuris",0,0.0724214344689249,0.0784603280095692,0,0,0.0153107263115404,-9.58562744582278,0.0202647704704299,0.491380715359753,"Bacteria","Firmicutes","Erysipelotrichia","Erysipelotrichales","Erysipelotrichaceae","Longicatena"
"Luoshenia_tenuis",0,0,0.0105453375621388,0.0099801451359689,0,0,0,0.693393339456914,0.946617808613157,"Bacteria","Firmicutes","Clostridia","Eubacteriales","Christensenellaceae","Luoshenia"
"Marvinbryantia_SGB4691",0.0415535215082331,0,0.0541614980931606,0,0,0,0,0.215336272682214,0.683379104739591,"Bacteria","Firmicutes","Clostridia","Eubacteriales","Lachnospiraceae","Marvinbryantia"
"Massiliimalia_massiliensis",0.00728704245138951,0,0,0,0,0,0,0.975786850806073,0.998327945067383,"Bacteria","Firmicutes","Clostridia","Eubacteriales","Oscillospiraceae","Massiliimalia"
"Massiliimalia_timonensis",0.00554980575688212,0,0.00528207014852755,0.0174908880877131,0,0,0,0.631328342593918,0.928933204073303,"Bacteria","Firmicutes","Clostridia","Eubacteriales","Oscillospiraceae","Massiliimalia"
"Massilimicrobiota_timonensis",0,0,0.040943092548819,0.0456995980893347,0,0,0,0.471875618260887,0.886721787117423,"Bacteria","Firmicutes","Erysipelotrichia","Erysipelotrichales","Erysipelotrichaceae","Massilimicrobiota"
"Massilioclostridium_coli",0,0.00753664957433639,0.0169418864931788,0.00887705255250367,0,0,0,0.143935014064034,0.637982224500041,"Bacteria","Firmicutes","Clostridia","Eubacteriales","Clostridiaceae","Massilioclostridium"
"Massilistercora_timonensis",0,0,0.0172982630581195,0.021030101079725,0,0,0,0.76339909815305,0.962780697033068,"Bacteria","Firmicutes","Clostridia","Eubacteriales","Eubacteriales_unclassified","Massilistercora"
"Mediterraneibacter_butyricigenes",0.028938460444371,0,0,0,0.0142272196224008,0,9.47988146023472,0.117004538881404,0.606080673343719,"Bacteria","Firmicutes","Clostridia","Eubacteriales","Lachnospiraceae","Mediterraneibacter"
"Mediterraneibacter_faecis",0.133321335563475,0,0,0,0.0357133259204483,0.0876071772862739,-1.29410931854283,0.676194829225022,0.937148890080875,"Bacteria","Firmicutes","Clostridia","Eubacteriales","Lachnospiraceae","Mediterraneibacter"
"Mediterraneibacter_glycyrrhizinilyticus",0.0559165460369569,0,0.044364302243854,0.0236432675027656,0,0.00924134635250806,-8.85849231919031,0.221506894460844,0.689408438738912,"Bacteria","Firmicutes","Clostridia","Eubacteriales","Lachnospiraceae","Mediterraneibacter"
"Mediterraneibacter_massiliensis",0,0,0.0125382721861501,0,0,0,0,0.846869026370078,0.979275237437679,"Bacteria","Firmicutes","Clostridia","Eubacteriales","Lachnospiraceae","Mediterraneibacter"
"Mediterraneibacter_SGB48424",0,0,0,0.0224763211934904,0,0,0,0.726705007698381,0.958213041405174,"Bacteria","Firmicutes","Clostridia","Eubacteriales","Lachnospiraceae","Mediterraneibacter"
"Mediterraneibacter_sp_NSJ_151",0,0,0,0,0,0,0,0.602725531869682,0.924464909205242,"Bacteria","Firmicutes","Clostridia","Eubacteriales","Lachnospiraceae","Mediterraneibacter"
"Methanobrevibacter_smithii",0.0381655395479883,0,0.0909388446315686,0,0,0,0,0.403501919840915,0.846955215313907,"Archaea","Euryarchaeota","Methanobacteria","Methanobacteriales","Methanobacteriaceae","Methanobrevibacter"
"Methanosphaera_stadtmanae",0,0,0,0,0,0,0,0.806004203621313,0.973609362131882,"Archaea","Euryarchaeota","Methanobacteria","Methanobacteriales","Methanobacteriaceae","Methanosphaera"
"Monoglobus_pectinilyticus",0.0363783571650282,0,0,0,0,0.0363783571650282,-10.8330773143993,0.155461736877455,0.675354988990551,"Bacteria","Firmicutes","Clostridia","Eubacteriales","Oscillospiraceae","Monoglobus"
"Negativibacillus_massiliensis",0,0,0,0,0,0,0,0.968927045608597,0.998327945067383,"Bacteria","Firmicutes","Firmicutes_unclassified","Firmicutes_unclassified","Firmicutes_unclassified","Negativibacillus"
"Neglectibacter_timonensis",0.00673800622819861,0,0.177117404105086,0,0.0440312617887159,0.0161716673048095,1.44393446155839,0.311583268481474,0.778167350725305,"Bacteria","Firmicutes","Clostridia","Eubacteriales","Oscillospiraceae","Neglectibacter"
"Neobittarella_massiliensis",0.0138424134660873,0,0,0,0,0,0,0.438262188257487,0.872975694828678,"Bacteria","Firmicutes","Clostridia","Eubacteriales","Oscillospiraceae","Neobittarella"
"Odoribacter_laneus",0.017465144944558,0,0,0,0,0,0,0.0203834428944218,0.491380715359753,"Bacteria","Bacteroidota","Bacteroidia","Bacteroidales","Odoribacteraceae","Odoribacter"
"Odoribacter_splanchnicus",0.0171822384451698,0,0.0308350692079697,0.0595557817678657,0.0151300225270809,0.019003772373397,-0.328484337696554,0.486535902408283,0.886721787117423,"Bacteria","Bacteroidota","Bacteroidia","Bacteroidales","Odoribacteraceae","Odoribacter"
"Oliverpabstia_intestinalis",0,0,0,0.173278402766696,0.0400119233340112,0.0471035007713548,-0.235296045199963,0.747873593291843,0.958213041405174,"Bacteria","Firmicutes","Clostridia","Eubacteriales","Lachnospiraceae","Oliverpabstia"
"Oscillibacter_sp_ER4",0.0259759957858908,0,0,0,0,0,0,0.0848117862881337,0.579547206302247,"Bacteria","Firmicutes","Clostridia","Eubacteriales","Oscillospiraceae","Oscillibacter"
"Oscillibacter_sp_MSJ_31",0,0,0,0,0.0161096940449343,0,9.65892069172687,0.0629630616927457,0.52504790428527,"Bacteria","Firmicutes","Clostridia","Eubacteriales","Oscillospiraceae","Oscillibacter"
"Oscillibacter_valericigenes",0.0182602672097108,0,0.036440196535119,0.0421586594534485,0.0251283259489546,0.0189642559679042,0.405659791815628,0.619263110563128,0.92607127780261,"Bacteria","Firmicutes","Clostridia","Eubacteriales","Oscillospiraceae","Oscillibacter"
"Oscillospiraceae_bacterium",0.0309063902699154,0,0.0845144440337867,0,0,0,0,0.74286558143587,0.958213041405174,"Bacteria","Firmicutes","Clostridia","Eubacteriales","Oscillospiraceae","Oscillospiraceae_unclassified"
"Oscillospiraceae_bacterium_CLA_AA_H250",0.0895091117912614,0,0,0.0476688619354657,0.118940233379528,0,12.5416127593439,0.00530281878296873,0.312631868221538,"Bacteria","Firmicutes","Clostridia","Eubacteriales","Oscillospiraceae","Oscillospiraceae_unclassified"
"Oscillospiraceae_bacterium_Marseille_Q3528",0.0170566255115568,0,0,0,0,0,0,0.624286774177089,0.927991204813337,"Bacteria","Firmicutes","Clostridia","Eubacteriales","Oscillospiraceae","Oscillospiraceae_unclassified"
"Oscillospiraceae_unclassified_SGB15256",0,0,0,0,0,0,0,0.16484180928754,0.67936141424601,"Bacteria","Firmicutes","Clostridia","Eubacteriales","Oscillospiraceae","Oscillospiraceae_unclassified"
"Oxalobacter_formigenes",0.0119040674146005,0,0,0,0,0,0,0.826845046174108,0.978028566757091,"Bacteria","Proteobacteria","Betaproteobacteria","Burkholderiales","Oxalobacteraceae","Oxalobacter"
"Parabacteroides_distasonis",0.0460749793725992,0,0.0541161555079287,0.083285187566734,0.0317968532938476,0.0327701780437431,-0.0434726397422411,0.91020341903511,0.987553875399655,"Bacteria","Bacteroidota","Bacteroidia","Bacteroidales","Tannerellaceae","Parabacteroides"
"Parabacteroides_goldsteinii",0,0,0,0,0,0,0,0.230288288210681,0.689408438738912,"Bacteria","Bacteroidota","Bacteroidia","Bacteroidales","Tannerellaceae","Parabacteroides"
"Parabacteroides_johnsonii",0,0,0,0,0,0,0,0.679630756613385,0.93926497824097,"Bacteria","Bacteroidota","Bacteroidia","Bacteroidales","Tannerellaceae","Parabacteroides"
"Parabacteroides_merdae",0.0226602812457636,0.272163906858997,0.0233302133599637,0.106706367499885,0.0392018739746517,0.0396828246446935,-0.0175832047685982,0.406428077481082,0.847299212375815,"Bacteria","Bacteroidota","Bacteroidia","Bacteroidales","Tannerellaceae","Parabacteroides"
"Paraprevotella_clara",0,0,0,0,0,0,0,0.554776920028692,0.915557205792333,"Bacteria","Bacteroidota","Bacteroidia","Bacteroidales","Prevotellaceae","Paraprevotella"
"Parasutterella_excrementihominis",0,0,0,0,0,0,0,0.297703565355207,0.769443776456889,"Bacteria","Proteobacteria","Betaproteobacteria","Burkholderiales","Sutterellaceae","Parasutterella"
"Parasutterella_SGB9260",0,0,0.0405327008471597,0,0,0,0,0.00279206051972893,0.312631868221538,"Bacteria","Proteobacteria","Betaproteobacteria","Burkholderiales","Sutterellaceae","Parasutterella"
"Phascolarctobacterium_faecium",0.0738906913681758,0,0.0683356810957467,0,0,0,0,0.42454828682969,0.864032904846014,"Bacteria","Firmicutes","Negativicutes","Acidaminococcales","Acidaminococcaceae","Phascolarctobacterium"
"Phascolarctobacterium_succinatutens",0,0,0,0,0,0,0,0.292191065684367,0.768759381372773,"Bacteria","Firmicutes","Negativicutes","Acidaminococcales","Acidaminococcaceae","Phascolarctobacterium"
"Phocaeicola_dorei",0.125814788393049,0.0299711379472527,0,0,0,0.00954477358369086,-8.90500143289226,0.0328864568330842,0.52504790428527,"Bacteria","Bacteroidota","Bacteroidia","Bacteroidales","Bacteroidaceae","Phocaeicola"
"Phocaeicola_massiliensis",0,0,0,0,0,0,0,0.33420937953955,0.796370347750334,"Bacteria","Bacteroidota","Bacteroidia","Bacteroidales","Bacteroidaceae","Phocaeicola"
"Phocaeicola_vulgatus",0,0,0.0504525476453212,0.121686244691758,0.0963200392493787,0.111443826746189,-0.210368269062899,0.888548665735693,0.982577665538579,"Bacteria","Bacteroidota","Bacteroidia","Bacteroidales","Bacteroidaceae","Phocaeicola"
"Phocea_massiliensis",0,0,0.00719728454338188,0.0119501792252824,0,0,0,0.499683754286137,0.888371813346811,"Bacteria","Firmicutes","Clostridia","Eubacteriales","Oscillospiraceae","Phocea"
"Provencibacterium_massiliense",0,0,0,0.00664083156503148,0,0,0,0.875267516314259,0.979275237437679,"Bacteria","Firmicutes","Clostridia","Eubacteriales","Oscillospiraceae","Provencibacterium"
"Pseudoflavonifractor_capillosus",0,0.0221490477417924,0.0238727537355302,0,0,0,0,0.169798278863801,0.67936141424601,"Bacteria","Firmicutes","Clostridia","Eubacteriales","Oscillospiraceae","Pseudoflavonifractor"
"Pseudoflavonifractor_phocaeensis",0,0,0.0469576476162063,0,0,0,0,0.807383373475219,0.973609362131882,"Bacteria","Firmicutes","Clostridia","Eubacteriales","Oscillospiraceae","Pseudoflavonifractor"
"Pseudoruminococcus_massiliensis",0,0,0,0,0,0,0,0.468350542666086,0.886263334583516,"Bacteria","Firmicutes","Clostridia","Eubacteriales","Oscillospiraceae","Pseudoruminococcus"
"Raoultibacter_massiliensis",0,0,0,0,0,0,0,0.670414664309683,0.935608766239681,"Bacteria","Actinobacteria","Coriobacteriia","Eggerthellales","Eggerthellaceae","Raoultibacter"
"Raoultibacter_timonensis",0,0,0,0,0,0,0,0.200391657270884,0.683379104739591,"Bacteria","Actinobacteria","Coriobacteriia","Eggerthellales","Eggerthellaceae","Raoultibacter"
"Rikenellaceae_bacterium",0,0,0,0,0,0,0,0.0777985144827703,0.556301421405242,"Bacteria","Bacteroidota","Bacteroidia","Bacteroidales","Rikenellaceae","Rikenellaceae_unclassified"
"Romboutsia_timonensis",0,0,0.0243991443347381,0,0,0.0264530404227192,-10.3737271718574,0.889158963620206,0.982577665538579,"Bacteria","Firmicutes","Clostridia","Eubacteriales","Peptostreptococcaceae","Romboutsia"
"Roseburia_faecis",0,0.0211321215035173,0.0453984135383047,0,0.00531039058485145,0.0181421059928657,-1.76862740438626,0.972857840769534,0.998327945067383,"Bacteria","Firmicutes","Clostridia","Eubacteriales","Lachnospiraceae","Roseburia"
"Roseburia_hominis",0.0186397572169809,0,0.0324649109540312,0.0138892903149782,0.0216373027465284,0.0427072388037354,-0.980304066548581,0.000888347961937217,0.312631868221538,"Bacteria","Firmicutes","Clostridia","Eubacteriales","Lachnospiraceae","Roseburia"
"Roseburia_intestinalis",0.0667233607419558,0,0,0.0312156428288573,0.0115371561564581,0.0226028049481727,-0.968994268820826,0.0512594315905989,0.52504790428527,"Bacteria","Firmicutes","Clostridia","Eubacteriales","Lachnospiraceae","Roseburia"
"Roseburia_inulinivorans",0.0132970139330162,0,0,0.0337643753875004,0.00905550527733409,0.0156403354324453,-0.787068408870861,0.330220349942026,0.796370347750334,"Bacteria","Firmicutes","Clostridia","Eubacteriales","Lachnospiraceae","Roseburia"
"Roseburia_lenta",0,0,0,0,0,0,0,0.139124777282662,0.637696412218869,"Bacteria","Firmicutes","Clostridia","Eubacteriales","Lachnospiraceae","Roseburia"
"Roseburia_sp_AF02_12",0,0.0298657889152309,0,0.00956047988589107,0,0,0,0.062061182371999,0.52504790428527,"Bacteria","Firmicutes","Clostridia","Eubacteriales","Lachnospiraceae","Roseburia"
"Roseburia_sp_BX1005",0,0,0,0,0,0,0,0.142836717991949,0.637982224500041,"Bacteria","Firmicutes","Clostridia","Eubacteriales","Lachnospiraceae","Roseburia"
"Rothia_mucilaginosa",0,0,0,0,0,0,0,0.0622437382030303,0.52504790428527,"Bacteria","Actinobacteria","Actinomycetia","Micrococcales","Micrococcaceae","Rothia"
"Ruminococcus_bicirculans",0,0,0,0,0,0,0,0.04946593281649,0.52504790428527,"Bacteria","Firmicutes","Clostridia","Eubacteriales","Oscillospiraceae","Ruminococcus"
"Ruminococcus_bromii",0,0.120029404192538,0.180130586613909,0,0.100283908503581,0.104927846324095,-0.0652947669919123,0.876172687176024,0.979275237437679,"Bacteria","Firmicutes","Clostridia","Eubacteriales","Oscillospiraceae","Ruminococcus"
"Ruminococcus_callidus",0,0,0,0,0,0,0,0.603188318122394,0.924464909205242,"Bacteria","Firmicutes","Clostridia","Eubacteriales","Oscillospiraceae","Ruminococcus"
"Ruminococcus_gauvreauii",0,0,0,0,0,0,0,0.800753861682126,0.973609362131882,"Bacteria","Firmicutes","Clostridia","Eubacteriales","Oscillospiraceae","Ruminococcus"
"Ruminococcus_gnavus",0.0293333860278088,0.0315837275389471,0.0976821992145125,0.0955065406089478,0.0216211137213374,0.0241207965588943,-0.157698860824196,0.582255548011176,0.918684841689998,"Bacteria","Firmicutes","Clostridia","Eubacteriales","Lachnospiraceae","Mediterraneibacter"
"Ruminococcus_lactaris",0,0,0,0,0,0,0,0.859721209168035,0.979275237437679,"Bacteria","Firmicutes","Clostridia","Eubacteriales","Lachnospiraceae","Mediterraneibacter"
"Ruminococcus_SGB4421",0,0,0,0,0,0,0,0.0290337167621217,0.52504790428527,"Bacteria","Firmicutes","Clostridia","Eubacteriales","Oscillospiraceae","Ruminococcus"
"Ruminococcus_torques",0.142595092011019,0.0441425610581675,0.311548952498966,0.111939036670959,0.0673256765494983,0.0885231366245875,-0.394795393846646,0.742470009165933,0.958213041405174,"Bacteria","Firmicutes","Clostridia","Eubacteriales","Lachnospiraceae","Mediterraneibacter"
"Ruthenibacterium_lactatiformans",0.0387756980651675,0.0965522372373608,0.0744899752793886,0.0943583161088967,0.0469043089707294,0.0405302309235623,0.210625598117955,0.136888998173677,0.637696412218869,"Bacteria","Firmicutes","Clostridia","Eubacteriales","Oscillospiraceae","Ruthenibacterium"
"Schaalia_odontolytica",0,0,0,0.0121452557775633,0,0,0,0.891227615367329,0.982577665538579,"Bacteria","Actinobacteria","Actinomycetia","Actinomycetales","Actinomycetaceae","Schaalia"
"Schaalia_SGB17153",0,0,0,0,0,0,0,0.105460203166248,0.596395631698782,"Bacteria","Actinobacteria","Actinomycetia","Actinomycetales","Actinomycetaceae","Schaalia"
"Schaalia_SGB17154",0,0,0,0.00782312229231417,0,0,0,0.71948983794887,0.957826169948397,"Bacteria","Actinobacteria","Actinomycetia","Actinomycetales","Actinomycetaceae","Schaalia"
"Schaalia_SGB17157",0,0,0,0,0,0,0,0.532163619121142,0.903021341663971,"Bacteria","Actinobacteria","Actinomycetia","Actinomycetales","Actinomycetaceae","Schaalia"
"Schaalia_SGB17158",0,0,0,0,0,0,0,0.968531943335075,0.998327945067383,"Bacteria","Actinobacteria","Actinomycetia","Actinomycetales","Actinomycetaceae","Schaalia"
"Schaalia_SGB17168",0,0,0,0,0,0,0,0.647028909977987,0.934628632319285,"Bacteria","Actinobacteria","Actinomycetia","Actinomycetales","Actinomycetaceae","Schaalia"
"Segatella_copri",0,0,0,0.0350828270557547,0,0,0,0.988972522541949,0.998327945067383,"Bacteria","Bacteroidota","Bacteroidia","Bacteroidales","Prevotellaceae","Segatella"
"Sellimonas_intestinalis",0,0.00777182270596781,0.0581292082522542,0.0167040690538688,0,0,0,0.535869403549426,0.903021341663971,"Bacteria","Firmicutes","Clostridia","Eubacteriales","Lachnospiraceae","Sellimonas"
"Senegalimassilia_anaerobia",0,0,0,0,0,0,0,0.759875829711518,0.962780697033068,"Bacteria","Actinobacteria","Coriobacteriia","Coriobacteriales","Coriobacteriaceae","Senegalimassilia"
"Simiaoa_sunii",0.0579401238312387,0,0,0,0,0,0,0.903039383101298,0.984972407392763,"Bacteria","Firmicutes","Clostridia","Eubacteriales","Lachnospiraceae","Simiaoa"
"Slackia_isoflavoniconvertens",0,0,0,0,0,0,0,0.516126999599653,0.894135506348695,"Bacteria","Actinobacteria","Coriobacteriia","Eggerthellales","Eggerthellaceae","Slackia"
"Streptococcus_anginosus",0,0,0,0,0,0,0,0.534476562471482,0.903021341663971,"Bacteria","Firmicutes","Bacilli","Lactobacillales","Streptococcaceae","Streptococcus"
"Streptococcus_australis",0,0,0,0,0,0,0,0.512024519326429,0.894135506348695,"Bacteria","Firmicutes","Bacilli","Lactobacillales","Streptococcaceae","Streptococcus"
"Streptococcus_gordonii",0,0,0,0,0,0,0,0.520097118650471,0.894712525790321,"Bacteria","Firmicutes","Bacilli","Lactobacillales","Streptococcaceae","Streptococcus"
"Streptococcus_mitis",0,0,0,0,0,0,0,0.904380664077867,0.984972407392763,"Bacteria","Firmicutes","Bacilli","Lactobacillales","Streptococcaceae","Streptococcus"
"Streptococcus_mutans",0,0,0,0.0216211191274571,0,0,0,0.118623748253684,0.606080673343719,"Bacteria","Firmicutes","Bacilli","Lactobacillales","Streptococcaceae","Streptococcus"
"Streptococcus_oralis",0,0,0,0,0,0,0,0.923154402710673,0.987553875399655,"Bacteria","Firmicutes","Bacilli","Lactobacillales","Streptococcaceae","Streptococcus"
"Streptococcus_parasanguinis",0.0107519560441855,0.00789945000893848,0.012814406769104,0.029455913218718,0.0194973868094126,0.013077067583491,0.575517789195435,0.49040964712561,0.887556963844606,"Bacteria","Firmicutes","Bacilli","Lactobacillales","Streptococcaceae","Streptococcus"
"Streptococcus_salivarius",0.0117177816930056,0.0164415452926798,0.0164962037294038,0.00798131231308589,0.0427271570593871,0.0417014105479375,0.0350405803144093,0.512514754880325,0.894135506348695,"Bacteria","Firmicutes","Bacilli","Lactobacillales","Streptococcaceae","Streptococcus"
"Streptococcus_sanguinis",0,0,0,0,0,0,0,0.0922969444101699,0.584397656614292,"Bacteria","Firmicutes","Bacilli","Lactobacillales","Streptococcaceae","Streptococcus"
"Streptococcus_thermophilus",0.0240813748091596,0.0393497055224206,0.0656894512031979,0.0232206126147469,0.0232206126147469,0.021162866119098,0.133750579453009,0.924488864536316,0.987553875399655,"Bacteria","Firmicutes","Bacilli","Lactobacillales","Streptococcaceae","Streptococcus"
"Streptococcus_vestibularis",0,0,0,0,0,0,0,0.799609095984788,0.973609362131882,"Bacteria","Firmicutes","Bacilli","Lactobacillales","Streptococcaceae","Streptococcus"
"Sutterella_wadsworthensis",0,0,0,0,0,0,0,0.162675810805783,0.67936141424601,"Bacteria","Proteobacteria","Betaproteobacteria","Burkholderiales","Sutterellaceae","Sutterella"
"Turicibacter_bilis",0,0,0,0,0,0,0,0.741565989825747,0.958213041405174,"Bacteria","Firmicutes","Erysipelotrichia","Erysipelotrichales","Turicibacteraceae","Turicibacter"
"Turicibacter_sanguinis",0,0,0,0,0,0,0,0.222070122766245,0.689408438738912,"Bacteria","Firmicutes","Erysipelotrichia","Erysipelotrichales","Turicibacteraceae","Turicibacter"
"Tyzzerella_SGB4587",0,0,0,0,0,0,0,0.826091752960309,0.978028566757091,"Bacteria","Firmicutes","Clostridia","Eubacteriales","Lachnospiraceae","Tyzzerella"
"Vescimonas_coprocola",0,0,0,0.086856497037716,0.0142728326285215,0,9.4844929396853,0.927177647488261,0.987553875399655,"Bacteria","Firmicutes","Clostridia","Eubacteriales","Oscillospiraceae","Vescimonas"
"Vescimonas_SGB15087",0,0,0,0,0,0,0,0.575111655831446,0.918684841689998,"Bacteria","Firmicutes","Clostridia","Eubacteriales","Oscillospiraceae","Vescimonas"
"Wansuia_hejianensis",0.0131495293204891,0.0186558421174211,0.0286692400796417,0.0272136496786908,0.0168531015374996,0.0143183088687008,0.23485102837168,0.594446009195611,0.923904603944774,"Bacteria","Firmicutes","Clostridia","Eubacteriales","Lachnospiraceae","Wansuia"
"Wujia_chipingensis",0,0,0,0,0,0,0,0.466548480609647,0.886261978609831,"Bacteria","Firmicutes","Clostridia","Eubacteriales","Lachnospiraceae","Wujia"
"Yeguia_hominis",0.00726642806527973,0,0,0,0,0,0,0.0479318395343955,0.52504790428527,"Bacteria","Firmicutes","Clostridia","Eubacteriales","Yeguiaceae","Yeguia"
"Youxingia_wuxianensis",0,0,0,0.00986423571273905,0,0,0,0.598503140804111,0.923904603944774,"Bacteria","Firmicutes","Clostridia","Eubacteriales","Oscillospiraceae","Youxingia"
"Zhenpiania_hominis",0,0,0.0107658952745197,0.0479443480572533,0.00852066390758072,0.00938629597247224,-0.139279242367933,0.843384741543722,0.979275237437679,"Bacteria","Firmicutes","Clostridia","Eubacteriales","Eubacteriales_Family_XIII_Incertae_Sedis","Zhenpiania"
