"species","p_value","q_value","kingdom","phylum","class","order","family","genus"
"Actinobaculum_sp_oral_taxon_183",0.23409532885097,0.643077390399694,"Bacteria","Actinobacteria","Actinomycetia","Actinomycetales","Actinomycetaceae","Actinobaculum"
"Actinomyces_bouchesdurhonensis",0.411232306837485,0.727400925838693,"Bacteria","Actinobacteria","Actinomycetia","Actinomycetales","Actinomycetaceae","Actinomyces"
"Actinomyces_graevenitzii",0.576032041307988,0.831575667476483,"Bacteria","Actinobacteria","Actinomycetia","Actinomycetales","Actinomycetaceae","Actinomyces"
"Actinomyces_oris",0.152943758969742,0.623849173981767,"Bacteria","Actinobacteria","Actinomycetia","Actinomycetales","Actinomycetaceae","Actinomyces"
"Actinomyces_sp_ICM47",0.111913171432367,0.611945762102077,"Bacteria","Actinobacteria","Actinomycetia","Actinomycetales","Actinomycetaceae","Actinomyces"
"Adlercreutzia_equolifaciens",0.537041589235324,0.796378173065624,"Bacteria","Actinobacteria","Coriobacteriia","Eggerthellales","Eggerthellaceae","Adlercreutzia"
"Agathobaculum_butyriciproducens",0.06782124709594,0.600750593146475,"Bacteria","Firmicutes","Clostridia","Eubacteriales","Oscillospiraceae","Agathobaculum"
"Akkermansia_muciniphila",0.259158880412494,0.650512032222878,"Bacteria","Verrucomicrobia","Verrucomicrobiae","Verrucomicrobiales","Akkermansiaceae","Akkermansia"
"Akkermansia_sp_KLE1798",0.0814792858674399,0.600750593146475,"Bacteria","Verrucomicrobia","Verrucomicrobiae","Verrucomicrobiales","Akkermansiaceae","Akkermansia"
"Alistipes_communis",0.189782690953837,0.63570185279367,"Bacteria","Bacteroidota","Bacteroidia","Bacteroidales","Rikenellaceae","Alistipes"
"Alistipes_finegoldii",0.77131973081788,0.932466105746319,"Bacteria","Bacteroidota","Bacteroidia","Bacteroidales","Rikenellaceae","Alistipes"
"Alistipes_ihumii",0.514658340134133,0.783291375552983,"Bacteria","Bacteroidota","Bacteroidia","Bacteroidales","Rikenellaceae","Alistipes"
"Alistipes_indistinctus",0.0369070032756581,0.600750593146475,"Bacteria","Bacteroidota","Bacteroidia","Bacteroidales","Rikenellaceae","Alistipes"
"Alistipes_onderdonkii",0.279101719533935,0.662866583893095,"Bacteria","Bacteroidota","Bacteroidia","Bacteroidales","Rikenellaceae","Alistipes"
"Alistipes_putredinis",0.139354293971099,0.623849173981767,"Bacteria","Bacteroidota","Bacteroidia","Bacteroidales","Rikenellaceae","Alistipes"
"Alistipes_senegalensis",0.675598781748016,0.874869787523166,"Bacteria","Bacteroidota","Bacteroidia","Bacteroidales","Rikenellaceae","Alistipes"
"Alistipes_SGB2300",0.178997404638168,0.63570185279367,"Bacteria","Bacteroidota","Bacteroidia","Bacteroidales","Rikenellaceae","Alistipes"
"Alistipes_shahii",0.895829514783736,0.975311615910573,"Bacteria","Bacteroidota","Bacteroidia","Bacteroidales","Rikenellaceae","Alistipes"
"Alistipes_sp_AF17_16",0.306840850600758,0.690000859087193,"Bacteria","Bacteroidota","Bacteroidia","Bacteroidales","Rikenellaceae","Alistipes"
"Alistipes_timonensis",0.0808796773819558,0.600750593146475,"Bacteria","Bacteroidota","Bacteroidia","Bacteroidales","Rikenellaceae","Alistipes"
"Anaerobutyricum_hallii",0.191154432082178,0.63570185279367,"Bacteria","Firmicutes","Clostridia","Eubacteriales","Lachnospiraceae","Anaerobutyricum"
"Anaerobutyricum_soehngenii",0.0417629901243161,0.600750593146475,"Bacteria","Firmicutes","Clostridia","Eubacteriales","Lachnospiraceae","Anaerobutyricum"
"Anaerococcus_obesiensis",0.775164843073586,0.933685260880045,"Bacteria","Firmicutes","Tissierellia","Tissierellales","Peptoniphilaceae","Anaerococcus"
"Anaerofilum_hominis",0.240029437739042,0.643077390399694,"Bacteria","Firmicutes","Clostridia","Eubacteriales","Oscillospiraceae","Anaerofilum"
"Anaerofustis_stercorihominis",0.0134420624463942,0.600750593146475,"Bacteria","Firmicutes","Clostridia","Eubacteriales","Eubacteriaceae","Anaerofustis"
"Anaeromassilibacillus_senegalensis",0.00425127501611909,0.357714426356306,"Bacteria","Firmicutes","Clostridia","Eubacteriales","Oscillospiraceae","Anaeromassilibacillus"
"Anaerostipes_caccae",0.732603778698512,0.905190390364694,"Bacteria","Firmicutes","Clostridia","Eubacteriales","Lachnospiraceae","Anaerostipes"
"Anaerostipes_hadrus",0.33708280475048,0.690000859087193,"Bacteria","Firmicutes","Clostridia","Eubacteriales","Lachnospiraceae","Anaerostipes"
"Anaerotignum_faecicola",0.724643661334635,0.901736935762208,"Bacteria","Firmicutes","Clostridia","Eubacteriales","Lachnospiraceae","Anaerotignum"
"Anaerotruncus_colihominis",0.289306780360457,0.673524480760116,"Bacteria","Firmicutes","Clostridia","Eubacteriales","Oscillospiraceae","Anaerotruncus"
"Anaerotruncus_massiliensis",0.628639368275651,0.859091851309416,"Bacteria","Firmicutes","Clostridia","Eubacteriales","Oscillospiraceae","Anaerotruncus"
"Anaerotruncus_rubiinfantis",0.222275850729839,0.638636468682318,"Bacteria","Firmicutes","Clostridia","Eubacteriales","Oscillospiraceae","Anaerotruncus"
"Anaerovorax_odorimutans",0.0031528814958141,0.309507866839084,"Bacteria","Firmicutes","Clostridia","Eubacteriales","Eubacteriales_Family_XIII_Incertae_Sedis","Anaerovorax"
"bacterium_210820_DFI_6_37",0.106084776902305,0.611945762102077,"Bacteria","Bacteria_unclassified","Bacteria_unclassified","Bacteria_unclassified","Bacteria_unclassified","Bacteria_unclassified"
"bacterium_210917_DFI_7_65",0.309774112780068,0.690000859087193,"Bacteria","Bacteria_unclassified","Bacteria_unclassified","Bacteria_unclassified","Bacteria_unclassified","Bacteria_unclassified"
"bacterium_210917_SL_2_15",0.817587813153553,0.943346982929685,"Bacteria","Bacteria_unclassified","Bacteria_unclassified","Bacteria_unclassified","Bacteria_unclassified","Bacteria_unclassified"
"Bacteroides_caccae",0.530058629944982,0.792122301600063,"Bacteria","Bacteroidota","Bacteroidia","Bacteroidales","Bacteroidaceae","Bacteroides"
"Bacteroides_cellulosilyticus",0.0795806654780159,0.600750593146475,"Bacteria","Bacteroidota","Bacteroidia","Bacteroidales","Bacteroidaceae","Bacteroides"
"Bacteroides_clarus",0.691391700495455,0.883361630351026,"Bacteria","Bacteroidota","Bacteroidia","Bacteroidales","Bacteroidaceae","Bacteroides"
"Bacteroides_eggerthii",0.717580546814076,0.898462687636083,"Bacteria","Bacteroidota","Bacteroidia","Bacteroidales","Bacteroidaceae","Bacteroides"
"Bacteroides_faecis",0.944245678365674,0.988832259693554,"Bacteria","Bacteroidota","Bacteroidia","Bacteroidales","Bacteroidaceae","Bacteroides"
"Bacteroides_finegoldii",0.0580692274738611,0.600750593146475,"Bacteria","Bacteroidota","Bacteroidia","Bacteroidales","Bacteroidaceae","Bacteroides"
"Bacteroides_fragilis",0.394663582495869,0.723006410823893,"Bacteria","Bacteroidota","Bacteroidia","Bacteroidales","Bacteroidaceae","Bacteroides"
"Bacteroides_intestinalis",0.366978968362972,0.706374550215002,"Bacteria","Bacteroidota","Bacteroidia","Bacteroidales","Bacteroidaceae","Bacteroides"
"Bacteroides_nordii",0.155940819949783,0.623849173981767,"Bacteria","Bacteroidota","Bacteroidia","Bacteroidales","Bacteroidaceae","Bacteroides"
"Bacteroides_ovatus",0.0550188110445763,0.600750593146475,"Bacteria","Bacteroidota","Bacteroidia","Bacteroidales","Bacteroidaceae","Bacteroides"
"Bacteroides_salyersiae",0.0733891803206934,0.600750593146475,"Bacteria","Bacteroidota","Bacteroidia","Bacteroidales","Bacteroidaceae","Bacteroides"
"Bacteroides_stercoris",0.542439966723407,0.798742851000217,"Bacteria","Bacteroidota","Bacteroidia","Bacteroidales","Bacteroidaceae","Bacteroides"
"Bacteroides_thetaiotaomicron",0.237806612259856,0.643077390399694,"Bacteria","Bacteroidota","Bacteroidia","Bacteroidales","Bacteroidaceae","Bacteroides"
"Bacteroides_uniformis",0.0719604224692969,0.600750593146475,"Bacteria","Bacteroidota","Bacteroidia","Bacteroidales","Bacteroidaceae","Bacteroides"
"Bacteroides_xylanisolvens",0.1180958122008,0.615561357400632,"Bacteria","Bacteroidota","Bacteroidia","Bacteroidales","Bacteroidaceae","Bacteroides"
"Barnesiella_intestinihominis",0.0305836428035024,0.600750593146475,"Bacteria","Bacteroidota","Bacteroidia","Bacteroidales","Barnesiellaceae","Barnesiella"
"Bianquea_SGB71281",0.45147114971925,0.740636915192525,"Bacteria","Firmicutes","Clostridia","Eubacteriales","Bianqueaceae","Bianquea"
"Bifidobacterium_adolescentis",0.484351896975548,0.773125385687257,"Bacteria","Actinobacteria","Actinomycetia","Bifidobacteriales","Bifidobacteriaceae","Bifidobacterium"
"Bifidobacterium_animalis",0.64942528467913,0.867372999265323,"Bacteria","Actinobacteria","Actinomycetia","Bifidobacteriales","Bifidobacteriaceae","Bifidobacterium"
"Bifidobacterium_bifidum",0.029154297586813,0.600750593146475,"Bacteria","Actinobacteria","Actinomycetia","Bifidobacteriales","Bifidobacteriaceae","Bifidobacterium"
"Bifidobacterium_dentium",0.855714172960135,0.95719922083375,"Bacteria","Actinobacteria","Actinomycetia","Bifidobacteriales","Bifidobacteriaceae","Bifidobacterium"
"Bifidobacterium_longum",0.512789528107835,0.783291375552983,"Bacteria","Actinobacteria","Actinomycetia","Bifidobacteriales","Bifidobacteriaceae","Bifidobacterium"
"Bifidobacterium_pseudocatenulatum",0.0762567145735116,0.600750593146475,"Bacteria","Actinobacteria","Actinomycetia","Bifidobacteriales","Bifidobacteriaceae","Bifidobacterium"
"Bilophila_wadsworthia",0.441033335132315,0.738789364291147,"Bacteria","Proteobacteria","Deltaproteobacteria","Desulfovibrionales","Desulfovibrionaceae","Bilophila"
"Bittarella_massiliensis",0.0149936790097965,0.600750593146475,"Bacteria","Firmicutes","Clostridia","Eubacteriales","Oscillospiraceae","Bittarella"
"Blautia_caecimuris",0.0795346041102784,0.600750593146475,"Bacteria","Firmicutes","Clostridia","Eubacteriales","Lachnospiraceae","Blautia"
"Blautia_faecicola",0.396614833849144,0.723006410823893,"Bacteria","Firmicutes","Clostridia","Eubacteriales","Lachnospiraceae","Blautia"
"Blautia_faecis",0.617087073371558,0.851561327719529,"Bacteria","Firmicutes","Clostridia","Eubacteriales","Lachnospiraceae","Blautia"
"Blautia_glucerasea",0.624561137364895,0.857497692093061,"Bacteria","Firmicutes","Clostridia","Eubacteriales","Lachnospiraceae","Blautia"
"Blautia_hansenii",0.652331149041685,0.86928291127953,"Bacteria","Firmicutes","Clostridia","Eubacteriales","Lachnospiraceae","Blautia"
"Blautia_hydrogenotrophica",0.827052513606111,0.945884769327044,"Bacteria","Firmicutes","Clostridia","Eubacteriales","Lachnospiraceae","Blautia"
"Blautia_luti",0.0030762195475808,0.309507866839084,"Bacteria","Firmicutes","Clostridia","Eubacteriales","Lachnospiraceae","Blautia"
"Blautia_massiliensis",0.021254184815171,0.600750593146475,"Bacteria","Firmicutes","Clostridia","Eubacteriales","Lachnospiraceae","Blautia"
"Blautia_obeum",0.670084226335977,0.87318497635374,"Bacteria","Firmicutes","Clostridia","Eubacteriales","Lachnospiraceae","Blautia"
"Blautia_producta",0.204186569686768,0.63570185279367,"Bacteria","Firmicutes","Clostridia","Eubacteriales","Lachnospiraceae","Blautia"
"Blautia_schinkii",0.796632723201973,0.938433347931924,"Bacteria","Firmicutes","Clostridia","Eubacteriales","Lachnospiraceae","Blautia"
"Blautia_SGB101324",0.37105863169872,0.707296120256689,"Bacteria","Firmicutes","Clostridia","Eubacteriales","Lachnospiraceae","Blautia"
"Blautia_SGB4815",0.149670606442948,0.623849173981767,"Bacteria","Firmicutes","Clostridia","Eubacteriales","Lachnospiraceae","Blautia"
"Blautia_sp_MCC283",0.950001761137206,0.988832259693554,"Bacteria","Firmicutes","Clostridia","Eubacteriales","Lachnospiraceae","Blautia"
"Blautia_sp_OF03_15BH",0.081937266953051,0.600750593146475,"Bacteria","Firmicutes","Clostridia","Eubacteriales","Lachnospiraceae","Blautia"
"Blautia_stercoris",0.823212058954322,0.943346982929685,"Bacteria","Firmicutes","Clostridia","Eubacteriales","Lachnospiraceae","Blautia"
"Blautia_wexlerae",0.42630687164089,0.729926591268849,"Bacteria","Firmicutes","Clostridia","Eubacteriales","Lachnospiraceae","Blautia"
"Brotolimicola_acetigignens",0.772092981074013,0.932466105746319,"Bacteria","Firmicutes","Clostridia","Eubacteriales","Lachnospiraceae","Brotolimicola"
"Butyricicoccus_intestinisimiae",0.251099737092153,0.650512032222878,"Bacteria","Firmicutes","Clostridia","Eubacteriales","Clostridiaceae","Butyricicoccus"
"Butyricimonas_faecihominis",0.507799668883133,0.783291375552983,"Bacteria","Bacteroidota","Bacteroidia","Bacteroidales","Odoribacteraceae","Butyricimonas"
"Butyricimonas_paravirosa",0.333498755224007,0.690000859087193,"Bacteria","Bacteroidota","Bacteroidia","Bacteroidales","Odoribacteraceae","Butyricimonas"
"Butyricimonas_virosa",0.0993436475581767,0.611945762102077,"Bacteria","Bacteroidota","Bacteroidia","Bacteroidales","Odoribacteraceae","Butyricimonas"
"Candidatus_Cibionibacter_quicibialis",0.873335428320238,0.963285706518015,"Bacteria","Firmicutes","Clostridia","Eubacteriales","Eubacteriales_incertae_sedis","Candidatus_Cibionibacter"
"Candidatus_Gastranaerophilales_bacterium",0.363355385738348,0.704713270645808,"Bacteria","Candidatus_Melainabacteria","Candidatus_Melainabacteria_unclassified","Candidatus_Gastranaerophilales","Candidatus_Gastranaerophilales_unclassified","Candidatus_Gastranaerophilales_unclassified"
"Catenibacillus_scindens",0.237293345628815,0.643077390399694,"Bacteria","Firmicutes","Clostridia","Eubacteriales","Lachnospiraceae","Catenibacillus"
"Catenibacterium_tridentinum",0.777767565441831,0.934908359275996,"Bacteria","Firmicutes","Erysipelotrichia","Erysipelotrichales","Coprobacillaceae","Catenibacterium"
"Christensenella_hongkongensis",0.214294352660395,0.63570185279367,"Bacteria","Firmicutes","Clostridia","Eubacteriales","Christensenellaceae","Christensenella"
"Christensenella_minuta",0.0386597652046559,0.600750593146475,"Bacteria","Firmicutes","Clostridia","Eubacteriales","Christensenellaceae","Christensenella"
"Christensenella_sp_Marseille_P3954",0.184611088761123,0.63570185279367,"Bacteria","Firmicutes","Clostridia","Eubacteriales","Christensenellaceae","Christensenella"
"Christensenella_timonensis",0.10940630764148,0.611945762102077,"Bacteria","Firmicutes","Clostridia","Eubacteriales","Christensenellaceae","Christensenella"
"Christensenellaceae_bacterium",0.0900604089045216,0.611945762102077,"Bacteria","Firmicutes","Clostridia","Eubacteriales","Christensenellaceae","Christensenellaceae_unclassified"
"Cloacibacillus_evryensis",0.167801203299636,0.623849173981767,"Bacteria","Synergistetes","Synergistia","Synergistales","Synergistaceae","Cloacibacillus"
"Clostridia_bacterium_UC5_1_1D1",0.0195683298975472,0.600750593146475,"Bacteria","Firmicutes","Clostridia","Clostridia_unclassified","Clostridia_unclassified","Clostridia_unclassified"
"Clostridiaceae_bacterium",0.0393611074610374,0.600750593146475,"Bacteria","Firmicutes","Clostridia","Eubacteriales","Clostridiaceae","Clostridiaceae_unclassified"
"Clostridiaceae_bacterium_AF18_31LB",0.456879921906756,0.745435662058391,"Bacteria","Firmicutes","Clostridia","Eubacteriales","Clostridiaceae","Clostridiaceae_unclassified"
"Clostridiaceae_bacterium_Marseille_Q4143",0.93267937584658,0.988832259693554,"Bacteria","Firmicutes","Clostridia","Eubacteriales","Clostridiaceae","Clostridiaceae_unclassified"
"Clostridiaceae_bacterium_Marseille_Q4149",0.14122129805139,0.623849173981767,"Bacteria","Firmicutes","Clostridia","Eubacteriales","Clostridiaceae","Clostridiaceae_unclassified"
"Clostridiaceae_unclassified_SGB15090",0.0115181187199047,0.600750593146475,"Bacteria","Firmicutes","Clostridia","Eubacteriales","Clostridiaceae","Clostridiaceae_unclassified"
"Clostridiaceae_unclassified_SGB4771",0.153222969507669,0.623849173981767,"Bacteria","Firmicutes","Clostridia","Eubacteriales","Clostridiaceae","Clostridiaceae_unclassified"
"Clostridiales_bacterium",0.161903394853927,0.623849173981767,"Bacteria","Firmicutes","Clostridia","Eubacteriales","Eubacteriales_unclassified","Eubacteriales_unclassified"
"Clostridiales_bacterium_KLE1615",0.518209203959351,0.78479932590668,"Bacteria","Firmicutes","Clostridia","Eubacteriales","Eubacteriales_unclassified","Eubacteriales_unclassified"
"Clostridiales_bacterium_Marseille_P2846",0.0016540497381114,0.272811938194178,"Bacteria","Firmicutes","Clostridia","Eubacteriales","Eubacteriales_unclassified","Eubacteriales_unclassified"
"Clostridium_disporicum",0.811154779538478,0.943346982929685,"Bacteria","Firmicutes","Clostridia","Eubacteriales","Clostridiaceae","Clostridium"
"Clostridium_fessum",0.268935352219927,0.653917258325676,"Bacteria","Firmicutes","Clostridia","Eubacteriales","Clostridiaceae","Clostridium"
"Clostridium_innocuum",0.203806633260003,0.63570185279367,"Bacteria","Firmicutes","Erysipelotrichia","Erysipelotrichales","Erysipelotrichaceae","Erysipelatoclostridium"
"Clostridium_leptum",0.077008942984581,0.600750593146475,"Bacteria","Firmicutes","Clostridia","Eubacteriales","Oscillospiraceae","Oscillospiraceae_unclassified"
"Clostridium_methylpentosum",0.242298890524989,0.643077390399694,"Bacteria","Firmicutes","Clostridia","Eubacteriales","Oscillospiraceae","Oscillospiraceae_unclassified"
"Clostridium_saccharogumia",0.103481508434349,0.611945762102077,"Bacteria","Firmicutes","Erysipelotrichia","Erysipelotrichales","Erysipelotrichaceae","Erysipelatoclostridium"
"Clostridium_saudiense",0.209792831684373,0.63570185279367,"Bacteria","Firmicutes","Clostridia","Eubacteriales","Clostridiaceae","Clostridium"
"Clostridium_scindens",0.256842020626637,0.650512032222878,"Bacteria","Firmicutes","Clostridia","Eubacteriales","Lachnospiraceae","Lachnoclostridium"
"Clostridium_SGB47280",0.938558309846428,0.988832259693554,"Bacteria","Firmicutes","Clostridia","Eubacteriales","Clostridiaceae","Clostridium"
"Clostridium_SGB4750",0.581151365329498,0.831855087160077,"Bacteria","Firmicutes","Clostridia","Eubacteriales","Clostridiaceae","Clostridium"
"Clostridium_SGB6173",0.329032616267513,0.690000859087193,"Bacteria","Firmicutes","Clostridia","Eubacteriales","Clostridiaceae","Clostridium"
"Clostridium_SGB6179",0.414337082332572,0.727400925838693,"Bacteria","Firmicutes","Clostridia","Eubacteriales","Clostridiaceae","Clostridium"
"Clostridium_sp_AF20_17LB",0.285684826587349,0.672625144474007,"Bacteria","Firmicutes","Clostridia","Eubacteriales","Clostridiaceae","Clostridium"
"Clostridium_sp_AF36_4",0.969809047912853,0.992763074938443,"Bacteria","Firmicutes","Clostridia","Eubacteriales","Clostridiaceae","Clostridium"
"Clostridium_sp_AM22_11AC",0.705656275459637,0.893831282248873,"Bacteria","Firmicutes","Clostridia","Eubacteriales","Clostridiaceae","Clostridium"
"Clostridium_sp_AM33_3",0.264828505562933,0.653917258325676,"Bacteria","Firmicutes","Clostridia","Eubacteriales","Clostridiaceae","Clostridium"
"Clostridium_sp_AM49_4BH",0.351195795682913,0.691820480458982,"Bacteria","Firmicutes","Clostridia","Eubacteriales","Clostridiaceae","Clostridium"
"Clostridium_sp_AT4",0.590628069668518,0.835157424817716,"Bacteria","Firmicutes","Clostridia","Eubacteriales","Clostridiaceae","Clostridium"
"Clostridium_sp_Marseille_P3244",0.207912428197723,0.63570185279367,"Bacteria","Firmicutes","Clostridia","Eubacteriales","Clostridiaceae","Clostridium"
"Clostridium_sp_NSJ_42",0.814608035734067,0.943346982929685,"Bacteria","Firmicutes","Clostridia","Eubacteriales","Clostridiaceae","Clostridium"
"Clostridium_spiroforme",0.346766991464667,0.690019452610436,"Bacteria","Firmicutes","Erysipelotrichia","Erysipelotrichales","Erysipelotrichaceae","Erysipelatoclostridium"
"Clostridium_symbiosum",0.126394213632633,0.622636244739282,"Bacteria","Firmicutes","Clostridia","Eubacteriales","Lachnospiraceae","Lachnoclostridium"
"Collinsella_aerofaciens",0.000164325237224924,0.0967875647254802,"Bacteria","Actinobacteria","Coriobacteriia","Coriobacteriales","Coriobacteriaceae","Collinsella"
"Collinsella_sp_AF08_23",0.156961990584231,0.623849173981767,"Bacteria","Actinobacteria","Coriobacteriia","Coriobacteriales","Coriobacteriaceae","Collinsella"
"Collinsella_stercoris",0.476308285772577,0.770131191329182,"Bacteria","Actinobacteria","Coriobacteriia","Coriobacteriales","Coriobacteriaceae","Collinsella"
"Collinsella_tanakaei",0.177042255806442,0.63570185279367,"Bacteria","Actinobacteria","Coriobacteriia","Coriobacteriales","Coriobacteriaceae","Collinsella"
"Congzhengia_minquanensis",0.0245669438914001,0.600750593146475,"Bacteria","Firmicutes","Clostridia","Eubacteriales","Oscillospiraceae","Congzhengia"
"Coprococcus_catus",0.802980669224904,0.940522077368175,"Bacteria","Firmicutes","Clostridia","Eubacteriales","Lachnospiraceae","Coprococcus"
"Coprococcus_comes",0.693784710404755,0.884500420840695,"Bacteria","Firmicutes","Clostridia","Eubacteriales","Lachnospiraceae","Coprococcus"
"Coprococcus_eutactus",0.785940718827724,0.938433347931924,"Bacteria","Firmicutes","Clostridia","Eubacteriales","Lachnospiraceae","Coprococcus"
"Coprococcus_SGB106014",0.615341716484629,0.851561327719529,"Bacteria","Firmicutes","Clostridia","Eubacteriales","Lachnospiraceae","Coprococcus"
"Coprococcus_sp_AF21_14LB",0.94700749872102,0.988832259693554,"Bacteria","Firmicutes","Clostridia","Eubacteriales","Lachnospiraceae","Coprococcus"
"Cuneatibacter_sp_NSJ_177",0.033757966890415,0.600750593146475,"Bacteria","Firmicutes","Clostridia","Eubacteriales","Lachnospiraceae","Cuneatibacter"
"Desulfovibrio_desulfuricans",0.713565624454534,0.898055882059232,"Bacteria","Proteobacteria","Deltaproteobacteria","Desulfovibrionales","Desulfovibrionaceae","Desulfovibrio"
"Desulfovibrio_fairfieldensis",0.511757904968536,0.783291375552983,"Bacteria","Proteobacteria","Deltaproteobacteria","Desulfovibrionales","Desulfovibrionaceae","Desulfovibrio"
"Dialister_invisus",0.339400765343243,0.690000859087193,"Bacteria","Firmicutes","Negativicutes","Veillonellales","Veillonellaceae","Dialister"
"Dielma_fastidiosa",0.138674216514599,0.623849173981767,"Bacteria","Firmicutes","Erysipelotrichia","Erysipelotrichales","Erysipelotrichaceae","Dielma"
"Diplocloster_agilis",0.343492106840291,0.690000859087193,"Bacteria","Firmicutes","Clostridia","Eubacteriales","Lachnospiraceae","Diplocloster"
"Dorea_formicigenerans",0.204191732372468,0.63570185279367,"Bacteria","Firmicutes","Clostridia","Eubacteriales","Lachnospiraceae","Dorea"
"Dorea_longicatena",0.845609125490593,0.955976535343492,"Bacteria","Firmicutes","Clostridia","Eubacteriales","Lachnospiraceae","Dorea"
"Dorea_phocaeensis",0.662515091947247,0.873180768802188,"Bacteria","Firmicutes","Clostridia","Eubacteriales","Lachnospiraceae","Dorea"
"Dorea_sp_AF36_15AT",0.539835685428892,0.796900297537888,"Bacteria","Firmicutes","Clostridia","Eubacteriales","Lachnospiraceae","Dorea"
"Dysosmobacter_sp_Marseille_Q4140",0.411645553098114,0.727400925838693,"Bacteria","Firmicutes","Clostridia","Eubacteriales","Oscillospiraceae","Dysosmobacter"
"Dysosmobacter_welbionis",0.697511104999923,0.885418191476196,"Bacteria","Firmicutes","Clostridia","Eubacteriales","Oscillospiraceae","Dysosmobacter"
"Eggerthella_lenta",0.0843540664216558,0.600750593146475,"Bacteria","Actinobacteria","Coriobacteriia","Eggerthellales","Eggerthellaceae","Eggerthella"
"Eisenbergiella_massiliensis",0.0720509619181759,0.600750593146475,"Bacteria","Firmicutes","Clostridia","Eubacteriales","Lachnospiraceae","Eisenbergiella"
"Eisenbergiella_tayi",0.591274441679096,0.835157424817716,"Bacteria","Firmicutes","Clostridia","Eubacteriales","Lachnospiraceae","Eisenbergiella"
"Emergencia_timonensis",0.376854642651081,0.707725101386856,"Bacteria","Firmicutes","Clostridia","Eubacteriales","Eubacteriales_Family_XIII_Incertae_Sedis","Emergencia"
"Enorma_massiliensis",0.234511796169097,0.643077390399694,"Bacteria","Actinobacteria","Coriobacteriia","Coriobacteriales","Coriobacteriaceae","Enorma"
"Enterocloster_aldenensis",0.104277646670571,0.611945762102077,"Bacteria","Firmicutes","Clostridia","Eubacteriales","Lachnospiraceae","Enterocloster"
"Enterocloster_asparagiformis",0.404223159875202,0.725861603997764,"Bacteria","Firmicutes","Clostridia","Eubacteriales","Lachnospiraceae","Enterocloster"
"Enterocloster_bolteae",0.0389408028796243,0.600750593146475,"Bacteria","Firmicutes","Clostridia","Eubacteriales","Lachnospiraceae","Enterocloster"
"Enterocloster_citroniae",0.332067056960861,0.690000859087193,"Bacteria","Firmicutes","Clostridia","Eubacteriales","Lachnospiraceae","Enterocloster"
"Enterocloster_clostridioformis",0.00995526334769295,0.600750593146475,"Bacteria","Firmicutes","Clostridia","Eubacteriales","Lachnospiraceae","Enterocloster"
"Enterocloster_hominis",0.278304213174066,0.662866583893095,"Bacteria","Firmicutes","Clostridia","Eubacteriales","Lachnospiraceae","Enterocloster"
"Enterocloster_lavalensis",0.0584805565568853,0.600750593146475,"Bacteria","Firmicutes","Clostridia","Eubacteriales","Lachnospiraceae","Enterocloster"
"Enterococcus_faecalis",0.105494966303525,0.611945762102077,"Bacteria","Firmicutes","Bacilli","Lactobacillales","Enterococcaceae","Enterococcus"
"Erysipelatoclostridium_ramosum",0.114703047987734,0.611945762102077,"Bacteria","Firmicutes","Erysipelotrichia","Erysipelotrichales","Erysipelotrichaceae","Erysipelatoclostridium"
"Escherichia_coli",0.506819896299238,0.783291375552983,"Bacteria","Proteobacteria","Gammaproteobacteria","Enterobacterales","Enterobacteriaceae","Escherichia"
"Eubacteriaceae_bacterium",0.206999976233368,0.63570185279367,"Bacteria","Firmicutes","Clostridia","Eubacteriales","Eubacteriaceae","Eubacteriaceae_unclassified"
"Eubacteriales_bacterium",0.513425821174612,0.783291375552983,"Bacteria","Firmicutes","Clostridia","Eubacteriales","Eubacteriales_unclassified","Eubacteriales_unclassified"
"Eubacterium_ramulus",0.38840325496029,0.719400997395003,"Bacteria","Firmicutes","Clostridia","Eubacteriales","Eubacteriaceae","Eubacterium"
"Eubacterium_rectale",0.268387192691617,0.653917258325676,"Bacteria","Firmicutes","Clostridia","Eubacteriales","Lachnospiraceae","Lachnospiraceae_unclassified"
"Eubacterium_SGB4961",0.362227725339996,0.704713270645808,"Bacteria","Firmicutes","Clostridia","Eubacteriales","Eubacteriaceae","Eubacterium"
"Eubacterium_siraeum",0.664495435018605,0.873180768802188,"Bacteria","Firmicutes","Clostridia","Eubacteriales","Oscillospiraceae","Oscillospiraceae_unclassified"
"Eubacterium_sp_AF16_48",0.586111818627219,0.831855087160077,"Bacteria","Firmicutes","Clostridia","Eubacteriales","Eubacteriaceae","Eubacterium"
"Eubacterium_sp_AF34_35BH",0.547593493961799,0.802319820754975,"Bacteria","Firmicutes","Clostridia","Eubacteriales","Eubacteriaceae","Eubacterium"
"Eubacterium_ventriosum",0.450014596607939,0.740636915192525,"Bacteria","Firmicutes","Clostridia","Eubacteriales","Eubacteriaceae","Eubacterium"
"Evtepia_gabavorous",0.493897811285869,0.781580197530073,"Bacteria","Firmicutes","Clostridia","Eubacteriales","Eubacteriales_unclassified","Evtepia"
"Faecalibacillus_faecis",0.153728341384187,0.623849173981767,"Bacteria","Firmicutes","Erysipelotrichia","Erysipelotrichales","Erysipelotrichaceae","Faecalibacillus"
"Faecalibacillus_intestinalis",0.0584670512134529,0.600750593146475,"Bacteria","Firmicutes","Erysipelotrichia","Erysipelotrichales","Erysipelotrichaceae","Faecalibacillus"
"Faecalibacterium_prausnitzii",0.0562461438739765,0.600750593146475,"Bacteria","Firmicutes","Clostridia","Eubacteriales","Oscillospiraceae","Faecalibacterium"
"Faecalibacterium_SGB15346",0.349866072936777,0.691820480458982,"Bacteria","Firmicutes","Clostridia","Eubacteriales","Oscillospiraceae","Faecalibacterium"
"Faecalibacterium_sp_CLA_AA_H233",0.351080672558422,0.691820480458982,"Bacteria","Firmicutes","Clostridia","Eubacteriales","Oscillospiraceae","Faecalibacterium"
"Faecalibacterium_sp_HTFF",0.259562709175549,0.650512032222878,"Bacteria","Firmicutes","Clostridia","Eubacteriales","Oscillospiraceae","Faecalibacterium"
"Faecalicatena_contorta",0.962000097584405,0.989980402941351,"Bacteria","Firmicutes","Clostridia","Eubacteriales","Lachnospiraceae","Faecalicatena"
"Faecalicatena_fissicatena",0.274724832605435,0.662177800338482,"Bacteria","Firmicutes","Clostridia","Eubacteriales","Lachnospiraceae","Faecalicatena"
"Faecalicatena_SGB4873",0.181559538109526,0.63570185279367,"Bacteria","Firmicutes","Clostridia","Eubacteriales","Lachnospiraceae","Faecalicatena"
"Faecalimonas_umbilicata",0.936536771227756,0.988832259693554,"Bacteria","Firmicutes","Clostridia","Eubacteriales","Lachnospiraceae","Faecalimonas"
"Faecalitalea_cylindroides",0.785663324390287,0.938433347931924,"Bacteria","Firmicutes","Erysipelotrichia","Erysipelotrichales","Erysipelotrichaceae","Faecalitalea"
"Firmicutes_bacterium",0.602977924625652,0.845234758810791,"Bacteria","Firmicutes","Firmicutes_unclassified","Firmicutes_unclassified","Firmicutes_unclassified","Firmicutes_unclassified"
"Flavonifractor_plautii",0.259197064872918,0.650512032222878,"Bacteria","Firmicutes","Clostridia","Eubacteriales","Oscillospiraceae","Flavonifractor"
"Flavonifractor_sp_An10",0.618791592977858,0.851561327719529,"Bacteria","Firmicutes","Clostridia","Eubacteriales","Oscillospiraceae","Flavonifractor"
"Fournierella_massiliensis",0.420168060599051,0.727400925838693,"Bacteria","Firmicutes","Clostridia","Eubacteriales","Oscillospiraceae","Fournierella"
"Frisingicoccus_SGB4674",0.685795110693989,0.881950480783317,"Bacteria","Firmicutes","Clostridia","Eubacteriales","Lachnospiraceae","Frisingicoccus"
"Fusicatenibacter_saccharivorans",0.260570967702191,0.650512032222878,"Bacteria","Firmicutes","Clostridia","Eubacteriales","Lachnospiraceae","Fusicatenibacter"
"Fusicatenibacter_sp_CLA_AA_H277",0.513682939381696,0.783291375552983,"Bacteria","Firmicutes","Clostridia","Eubacteriales","Lachnospiraceae","Fusicatenibacter"
"Gemmiger_formicilis",0.808221128223753,0.9426579099481,"Bacteria","Firmicutes","Clostridia","Eubacteriales","Eubacteriales_unclassified","Gemmiger"
"Gemmiger_SGB15295",0.496907738004907,0.781580197530073,"Bacteria","Firmicutes","Clostridia","Eubacteriales","Eubacteriales_unclassified","Gemmiger"
"GGB10692_SGB17347",0.292909281805944,0.675594342187795,"Bacteria","Firmicutes","CFGB3172","OFGB3172","FGB3172","GGB10692"
"GGB1096_SGB1408",0.332309217364753,0.690000859087193,"Bacteria","Bacteroidota","CFGB529","OFGB529","FGB529","GGB1096"
"GGB1266_SGB1699",0.238726391376392,0.643077390399694,"Bacteria","Bacteroidota","CFGB4405","OFGB4405","FGB4405","GGB1266"
"GGB13404_SGB14252",0.87218173915602,0.963285706518015,"Bacteria","Firmicutes","CFGB4605","OFGB4605","FGB4605","GGB13404"
"GGB13489_SGB15224",0.425000267842378,0.729810955566066,"Bacteria","Firmicutes","Clostridia","Eubacteriales","Oscillospiraceae","GGB13489"
"GGB1549_SGB2133",0.831864703754514,0.945884769327044,"Bacteria","Bacteroidota","Bacteroidia","Bacteroidales","Muribaculaceae","GGB1549"
"GGB1627_SGB2227",0.580982720516318,0.831855087160077,"Bacteria","Bacteroidota","CFGB658","OFGB658","FGB658","GGB1627"
"GGB2653_SGB3574",0.0334227470220205,0.600750593146475,"Bacteria","Firmicutes","CFGB1011","OFGB1011","FGB1011","GGB2653"
"GGB27848_SGB40282",0.326278708861838,0.690000859087193,"Bacteria","Bacteroidota","Bacteroidia","Bacteroidales","Muribaculaceae","GGB27848"
"GGB2848_SGB3813",0.667116037285203,0.873180768802188,"Bacteria","Firmicutes","CFGB1126","OFGB1126","FGB1126","GGB2848"
"GGB2958_SGB3940",0.856441408114408,0.95719922083375,"Bacteria","Firmicutes","CFGB1201","OFGB1201","FGB1201","GGB2958"
"GGB2980_SGB3962",0.263969983648536,0.653917258325676,"Bacteria","Firmicutes","Clostridia","Eubacteriales","Eubacteriales_Family_XIII_Incertae_Sedis","GGB2980"
"GGB2982_SGB3964",0.07215708114142,0.600750593146475,"Bacteria","Firmicutes","CFGB1217","OFGB1217","FGB1217","GGB2982"
"GGB2987_SGB3969",0.120136150050009,0.617433120221533,"Bacteria","Firmicutes","Clostridia","Eubacteriales","Eubacteriales_Family_XIII_Incertae_Sedis","GGB2987"
"GGB2998_SGB3988",0.132927828382245,0.623849173981767,"Bacteria","Firmicutes","CFGB1226","OFGB1226","FGB1226","GGB2998"
"GGB2998_SGB3989",0.174027966642432,0.63570185279367,"Bacteria","Firmicutes","CFGB1226","OFGB1226","FGB1226","GGB2998"
"GGB3000_SGB3991",0.644684043280574,0.866938131260863,"Bacteria","Firmicutes","CFGB1227","OFGB1227","FGB1227","GGB3000"
"GGB3001_SGB3992",0.525514707342783,0.790310296746392,"Bacteria","Firmicutes","CFGB1227","OFGB1227","FGB1227","GGB3001"
"GGB3002_SGB3993",0.0237616542328898,0.600750593146475,"Bacteria","Firmicutes","CFGB1227","OFGB1227","FGB1227","GGB3002"
"GGB3005_SGB3996",0.487169803734731,0.775521660539883,"Bacteria","Firmicutes","CFGB1227","OFGB1227","FGB1227","GGB3005"
"GGB3033_SGB4029",0.911390228920486,0.979509888104232,"Bacteria","Firmicutes","CFGB1249","OFGB1249","FGB1249","GGB3033"
"GGB3034_SGB4030",0.642019631080731,0.866938131260863,"Bacteria","Firmicutes","CFGB1249","OFGB1249","FGB1249","GGB3034"
"GGB3058_SGB4060",0.935493871317614,0.988832259693554,"Bacteria","Firmicutes","CFGB1260","OFGB1260","FGB1260","GGB3058"
"GGB3061_SGB4063",0.0521910908132233,0.600750593146475,"Bacteria","Firmicutes","CFGB1262","OFGB1262","FGB1262","GGB3061"
"GGB3109_SGB4121",0.260402052220881,0.650512032222878,"Bacteria","Firmicutes","CFGB1292","OFGB1292","FGB1292","GGB3109"
"GGB31234_SGB14869",0.605032675726957,0.845234758810791,"Bacteria","Firmicutes","CFGB3009","OFGB3009","FGB3009","GGB31234"
"GGB3167_SGB4181",0.497610482298433,0.781580197530073,"Bacteria","Firmicutes","Clostridia","Eubacteriales","Oscillospiraceae","GGB3167"
"GGB3175_SGB4191",0.323361434672707,0.690000859087193,"Bacteria","Firmicutes","CFGB1325","OFGB1325","FGB1325","GGB3175"
"GGB3204_SGB4228",0.690385857359518,0.883361630351026,"Bacteria","Firmicutes","Clostridia","Eubacteriales","Oscillospiraceae","GGB3204"
"GGB3256_SGB4303",0.0516745340257723,0.600750593146475,"Bacteria","Firmicutes","CFGB14936","OFGB14936","FGB14936","GGB3256"
"GGB3277_SGB4327",0.0719052814449211,0.600750593146475,"Bacteria","Firmicutes","Clostridia","Eubacteriales","Eubacteriaceae","GGB3277"
"GGB3278_SGB4328",0.260510338376764,0.650512032222878,"Bacteria","Firmicutes","Clostridia","Eubacteriales","Eubacteriaceae","GGB3278"
"GGB32900_SGB53446",0.0797525372999989,0.600750593146475,"Bacteria","Firmicutes","Clostridia","Eubacteriales","Oscillospiraceae","GGB32900"
"GGB3303_SGB4364",0.213535145936251,0.63570185279367,"Bacteria","Firmicutes","CFGB4648","OFGB4648","FGB4648","GGB3303"
"GGB3304_SGB4365",0.0786636859512013,0.600750593146475,"Bacteria","Firmicutes","CFGB1354","OFGB1354","FGB1354","GGB3304"
"GGB3304_SGB4367",0.422361827906338,0.727400925838693,"Bacteria","Firmicutes","CFGB1354","OFGB1354","FGB1354","GGB3304"
"GGB3321_SGB4394",0.165250816414168,0.623849173981767,"Bacteria","Firmicutes","CFGB1359","OFGB1359","FGB1359","GGB3321"
"GGB33469_SGB15236",0.711465434872674,0.897330066680953,"Bacteria","Firmicutes","Clostridia","Eubacteriales","Oscillospiraceae","GGB33469"
"GGB33469_SGB15237",0.740210658736645,0.908300162491424,"Bacteria","Firmicutes","Clostridia","Eubacteriales","Oscillospiraceae","GGB33469"
"GGB33512_SGB15201",0.135768856098888,0.623849173981767,"Bacteria","Firmicutes","CFGB3054","OFGB3054","FGB3054","GGB33512"
"GGB33512_SGB15203",0.293679999713651,0.675594342187795,"Bacteria","Firmicutes","CFGB3054","OFGB3054","FGB3054","GGB33512"
"GGB3352_SGB62935",0.0617505215136399,0.600750593146475,"Bacteria","Firmicutes","CFGB1374","OFGB1374","FGB1374","GGB3352"
"GGB3353_SGB4437",0.216335853905412,0.63570185279367,"Bacteria","Firmicutes","CFGB1374","OFGB1374","FGB1374","GGB3353"
"GGB33544_SGB53490",0.168407501974705,0.623849173981767,"Bacteria","Firmicutes","CFGB3070","OFGB3070","FGB3070","GGB33544"
"GGB33586_SGB53517",0.993309590104557,0.996693949866413,"Bacteria","Firmicutes","CFGB3038","OFGB3038","FGB3038","GGB33586"
"GGB34197_SGB53486",0.733962031783799,0.905190390364694,"Bacteria","Firmicutes","CFGB3071","OFGB3071","FGB3071","GGB34197"
"GGB3433_SGB4573",0.86720832752552,0.961468199043887,"Bacteria","Firmicutes","Clostridia","Eubacteriales","Lachnospiraceae","GGB3433"
"GGB3433_SGB4574",0.437931491159175,0.738789364291147,"Bacteria","Firmicutes","Clostridia","Eubacteriales","Lachnospiraceae","GGB3433"
"GGB3444_SGB4594",0.0406406156452967,0.600750593146475,"Bacteria","Firmicutes","Clostridia","Eubacteriales","Lachnospiraceae","GGB3444"
"GGB3446_SGB4597",0.481685476521031,0.77305925250923,"Bacteria","Firmicutes","Clostridia","Eubacteriales","Lachnospiraceae","GGB3446"
"GGB3475_SGB4638",0.398942416838311,0.723006410823893,"Bacteria","Firmicutes","Clostridia","Eubacteriales","Lachnospiraceae","GGB3475"
"GGB3478_SGB4643",0.842784997797371,0.954616084043561,"Bacteria","Firmicutes","Clostridia","Eubacteriales","Clostridiaceae","GGB3478"
"GGB34797_SGB14322",0.0738946476363917,0.600750593146475,"Bacteria","Actinobacteria","CFGB12107","OFGB12107","FGB12107","GGB34797"
"GGB3480_SGB4648",0.64024244814203,0.866902993001507,"Bacteria","Firmicutes","Clostridia","Eubacteriales","Clostridiaceae","GGB3480"
"GGB3486_SGB4658",0.442047580895004,0.738789364291147,"Bacteria","Firmicutes","Clostridia","Eubacteriales","Clostridiaceae","GGB3486"
"GGB34900_SGB14891",0.151601032679189,0.623849173981767,"Bacteria","Firmicutes","CFGB77202","OFGB77202","FGB77202","GGB34900"
"GGB3491_SGB4665",0.86154726359219,0.959265289708507,"Bacteria","Firmicutes","CFGB1425","OFGB1425","FGB1425","GGB3491"
"GGB3496_SGB4671",0.718465069399992,0.898462687636083,"Bacteria","Firmicutes","Clostridia","Eubacteriales","Lachnospiraceae","GGB3496"
"GGB3497_SGB4672",0.71686592929742,0.898462687636083,"Bacteria","Firmicutes","Clostridia","Eubacteriales","Lachnospiraceae","GGB3497"
"GGB3510_SGB4687",0.0154584000899784,0.600750593146475,"Bacteria","Firmicutes","CFGB79245","OFGB79245","FGB79245","GGB3510"
"GGB3511_SGB4688",0.419533676723913,0.727400925838693,"Bacteria","Firmicutes","CFGB28775","OFGB28775","FGB28775","GGB3511"
"GGB3518_SGB4697",0.724619391080224,0.901736935762208,"Bacteria","Firmicutes","Clostridia","Eubacteriales","Lachnospiraceae","GGB3518"
"GGB3534_SGB4722",0.113702394926579,0.611945762102077,"Bacteria","Firmicutes","Clostridia","Eubacteriales","Lachnospiraceae","GGB3534"
"GGB3537_SGB4727",0.345522675621608,0.690000859087193,"Bacteria","Firmicutes","Clostridia","Eubacteriales","Lachnospiraceae","GGB3537"
"GGB3538_SGB4728",0.24456593454929,0.643077390399694,"Bacteria","Firmicutes","Clostridia","Eubacteriales","Lachnospiraceae","GGB3538"
"GGB3550_SGB4746",0.725676243720351,0.901736935762208,"Bacteria","Firmicutes","Clostridia","Eubacteriales","Clostridiaceae","GGB3550"
"GGB3550_SGB4747",0.200027910152243,0.63570185279367,"Bacteria","Firmicutes","Clostridia","Eubacteriales","Clostridiaceae","GGB3550"
"GGB35597_SGB49163",0.734602727664387,0.905190390364694,"Bacteria","Firmicutes","CFGB9828","OFGB9828","FGB9828","GGB35597"
"GGB3569_SGB4776",0.538129903022272,0.796378173065624,"Bacteria","Firmicutes","CFGB9718","OFGB9718","FGB9718","GGB3569"
"GGB3576_SGB4784",0.224443954614418,0.640222624861991,"Bacteria","Firmicutes","Clostridia","Eubacteriales","Lachnospiraceae","GGB3576"
"GGB3583_SGB4799",0.233007494467431,0.643077390399694,"Bacteria","Firmicutes","Clostridia","Eubacteriales","Lachnospiraceae","GGB3583"
"GGB3585_SGB4803",0.413293863227969,0.727400925838693,"Bacteria","Firmicutes","Clostridia","Eubacteriales","Lachnospiraceae","GGB3585"
"GGB3602_SGB4865",0.0711455128671653,0.600750593146475,"Bacteria","Firmicutes","Clostridia","Eubacteriales","Lachnospiraceae","GGB3602"
"GGB3612_SGB4882",0.58598329470292,0.831855087160077,"Bacteria","Firmicutes","CFGB72924","OFGB72924","FGB72924","GGB3612"
"GGB3619_SGB4894",0.980596097777746,0.992763074938443,"Bacteria","Firmicutes","Clostridia","Eubacteriales","Lachnospiraceae","GGB3619"
"GGB36267_SGB14177",0.0176539934629178,0.600750593146475,"Bacteria","Firmicutes","CFGB2915","OFGB2915","FGB2915","GGB36267"
"GGB36331_SGB15121",0.83459540085009,0.947161254529293,"Bacteria","Firmicutes","Clostridia","Eubacteriales","Oscillospiraceae","GGB36331"
"GGB3653_SGB4964",0.0399072814321382,0.600750593146475,"Bacteria","Firmicutes","Clostridia","Eubacteriales","Lachnospiraceae","GGB3653"
"GGB3677_SGB4990",0.101088607441592,0.611945762102077,"Bacteria","Firmicutes","Clostridia","Eubacteriales","Lachnospiraceae","GGB3677"
"GGB3722_SGB5050",0.144956894489269,0.623849173981767,"Bacteria","Firmicutes","Clostridia","Eubacteriales","Eubacteriaceae","GGB3722"
"GGB3730_SGB5060",0.164468008350868,0.623849173981767,"Bacteria","Firmicutes","CFGB1473","OFGB1473","FGB1473","GGB3730"
"GGB3740_SGB5077",0.972671150041908,0.992763074938443,"Bacteria","Firmicutes","Clostridia","Eubacteriales","Lachnospiraceae","GGB3740"
"GGB3819_SGB5184",0.0103636280696432,0.600750593146475,"Bacteria","Firmicutes","Clostridia","Eubacteriales","Lachnospiraceae","GGB3819"
"GGB38744_SGB14842",0.110211230878213,0.611945762102077,"Bacteria","Firmicutes","Clostridia","Eubacteriales","Oscillospiraceae","GGB38744"
"GGB40351_SGB14301",0.913898886067863,0.979509888104232,"Bacteria","Firmicutes","CFGB2979","OFGB2979","FGB2979","GGB40351"
"GGB41473_SGB58537",0.0279825124819148,0.600750593146475,"Bacteria","Firmicutes","Clostridia","Eubacteriales","Lachnospiraceae","GGB41473"
"GGB42378_SGB59548",0.39087628816141,0.720604195271094,"Bacteria","Firmicutes","CFGB30287","OFGB30287","FGB30287","GGB42378"
"GGB42389_SGB59559",0.37217513056227,0.707296120256689,"Bacteria","Firmicutes","CFGB40183","OFGB40183","FGB40183","GGB42389"
"GGB4239_SGB5731",0.108540109617292,0.611945762102077,"Bacteria","Firmicutes","Negativicutes","Acidaminococcales","Acidaminococcaceae","GGB4239"
"GGB43675_SGB61016",0.0160303751846651,0.600750593146475,"Bacteria","Firmicutes","CFGB79326","OFGB79326","FGB79326","GGB43675"
"GGB44201_SGB61600",0.215737203309787,0.63570185279367,"Bacteria","Firmicutes","CFGB38703","OFGB38703","FGB38703","GGB44201"
"GGB4456_SGB6141",0.599308109956581,0.842464145022497,"Bacteria","Firmicutes","Clostridia","Eubacteriales","Peptostreptococcaceae","GGB4456"
"GGB45432_SGB63101",0.0508521853131657,0.600750593146475,"Bacteria","Actinobacteria","Coriobacteriia","Eggerthellales","Eggerthellaceae","GGB45432"
"GGB45491_SGB63163",0.980121961692231,0.992763074938443,"Bacteria","Firmicutes","CFGB3072","OFGB3072","FGB3072","GGB45491"
"GGB45495_SGB63167",0.50509880708205,0.783291375552983,"Bacteria","Firmicutes","CFGB3072","OFGB3072","FGB3072","GGB45495"
"GGB45497_SGB63169",0.3411730931891,0.690000859087193,"Bacteria","Firmicutes","CFGB77241","OFGB77241","FGB77241","GGB45497"
"GGB4552_SGB6276",0.950136070334673,0.988832259693554,"Bacteria","Firmicutes","CFGB1765","OFGB1765","FGB1765","GGB4552"
"GGB4559_SGB6293",0.991073581872537,0.996343112231699,"Bacteria","Firmicutes","CFGB1765","OFGB1765","FGB1765","GGB4559"
"GGB4566_SGB6305",0.707540582502181,0.894294856424431,"Bacteria","Firmicutes","CFGB1765","OFGB1765","FGB1765","GGB4566"
"GGB4567_SGB6308",0.831844306069231,0.945884769327044,"Bacteria","Firmicutes","CFGB1765","OFGB1765","FGB1765","GGB4567"
"GGB4569_SGB6310",0.083186958313549,0.600750593146475,"Bacteria","Firmicutes","CFGB1765","OFGB1765","FGB1765","GGB4569"
"GGB4571_SGB6317",0.342551273190203,0.690000859087193,"Bacteria","Firmicutes","CFGB1765","OFGB1765","FGB1765","GGB4571"
"GGB4585_SGB6340",0.420921117998209,0.727400925838693,"Bacteria","Firmicutes","CFGB1765","OFGB1765","FGB1765","GGB4585"
"GGB4588_SGB6347",0.859861352160498,0.959201394739647,"Bacteria","Firmicutes","CFGB1765","OFGB1765","FGB1765","GGB4588"
"GGB4597_SGB6359",0.166863295363513,0.623849173981767,"Bacteria","Firmicutes","CFGB1765","OFGB1765","FGB1765","GGB4597"
"GGB4599_SGB6362",0.11109389875816,0.611945762102077,"Bacteria","Firmicutes","CFGB1765","OFGB1765","FGB1765","GGB4599"
"GGB4604_SGB6371",0.370274751962163,0.707296120256689,"Bacteria","Firmicutes","CFGB1765","OFGB1765","FGB1765","GGB4604"
"GGB4605_SGB6376",0.0231979945789766,0.600750593146475,"Bacteria","Firmicutes","CFGB1765","OFGB1765","FGB1765","GGB4605"
"GGB4684_SGB6478",0.998581377016205,0.998581377016205,"Bacteria","Firmicutes","CFGB1776","OFGB1776","FGB1776","GGB4684"
"GGB4723_SGB6540",0.313356383868907,0.690000859087193,"Bacteria","Firmicutes","CFGB1780","OFGB1780","FGB1780","GGB4723"
"GGB4727_SGB6548",0.561850611021834,0.815098546531675,"Bacteria","Firmicutes","CFGB9119","OFGB9119","FGB9119","GGB4727"
"GGB4745_SGB6571",0.823226399364785,0.943346982929685,"Bacteria","Tenericutes","CFGB1787","OFGB1787","FGB1787","GGB4745"
"GGB4750_SGB6579",0.626218239202562,0.857773355558859,"Bacteria","Tenericutes","CFGB1787","OFGB1787","FGB1787","GGB4750"
"GGB47687_SGB2286",0.647903046630273,0.86730657833007,"Bacteria","Bacteroidota","CFGB1670","OFGB1670","FGB1670","GGB47687"
"GGB48165_SGB66168",0.17851898042641,0.63570185279367,"Bacteria","Firmicutes","CFGB45503","OFGB45503","FGB45503","GGB48165"
"GGB51139_SGB71360",0.147350202629275,0.623849173981767,"Bacteria","Firmicutes","CFGB77566","OFGB77566","FGB77566","GGB51139"
"GGB51269_SGB5062",0.503186899119673,0.783291375552983,"Bacteria","Firmicutes","CFGB1474","OFGB1474","FGB1474","GGB51269"
"GGB51441_SGB71759",0.612057757139498,0.850240610743311,"Bacteria","Firmicutes","Clostridia","Eubacteriales","Lachnospiraceae","GGB51441"
"GGB51647_SGB4348",0.82315020024754,0.943346982929685,"Bacteria","Firmicutes","CFGB4806","OFGB4806","FGB4806","GGB51647"
"GGB51959_SGB72479",0.242866085473007,0.643077390399694,"Bacteria","Actinobacteria","Coriobacteriia","Coriobacteriales","Coriobacteriaceae","GGB51959"
"GGB52106_SGB72838",0.14579628043994,0.623849173981767,"Bacteria","Firmicutes","CFGB30328","OFGB30328","FGB30328","GGB52106"
"GGB52130_SGB14966",0.0784928348085144,0.600750593146475,"Bacteria","Firmicutes","CFGB3047","OFGB3047","FGB3047","GGB52130"
"GGB55957_SGB77276",0.0473186124343013,0.600750593146475,"Bacteria","Firmicutes","Clostridia","Eubacteriales","Lachnospiraceae","GGB55957"
"GGB58158_SGB79798",0.598331429708171,0.842464145022497,"Bacteria","Firmicutes","CFGB3004","OFGB3004","FGB3004","GGB58158"
"GGB5980_SGB8599",0.201351953633903,0.63570185279367,"Bacteria","Candidatus_Melainabacteria","CFGB2106","OFGB2106","FGB2106","GGB5980"
"GGB6601_SGB9333",0.111889050164626,0.611945762102077,"Bacteria","Proteobacteria","CFGB2403","OFGB2403","FGB2403","GGB6601"
"GGB6613_SGB9347",0.0343636607191457,0.600750593146475,"Bacteria","Proteobacteria","CFGB2404","OFGB2404","FGB2404","GGB6613"
"GGB6649_SGB9391",0.313729388460829,0.690000859087193,"Bacteria","Proteobacteria","Betaproteobacteria","Burkholderiales","Oxalobacteraceae","GGB6649"
"GGB74463_SGB54347",0.40827481976823,0.727400925838693,"Bacteria","Firmicutes","CFGB9238","OFGB9238","FGB9238","GGB74463"
"GGB74504_SGB48228",0.633530119741467,0.861118437205011,"Bacteria","Bacteroidota","CFGB4425","OFGB4425","FGB4425","GGB74504"
"GGB74505_SGB47518",0.971125344204285,0.992763074938443,"Bacteria","Firmicutes","Clostridia","Eubacteriales","Lachnospiraceae","GGB74505"
"GGB74511_SGB47635",0.803196273202364,0.940522077368175,"Bacteria","Firmicutes","CFGB72939","OFGB72939","FGB72939","GGB74511"
"GGB79087_SGB105683",0.156081954533245,0.623849173981767,"Bacteria","Firmicutes","CFGB3072","OFGB3072","FGB3072","GGB79087"
"GGB87445_SGB15180",0.914652696871524,0.979509888104232,"Bacteria","Firmicutes","CFGB79294","OFGB79294","FGB79294","GGB87445"
"GGB9059_SGB13976",0.451223612819369,0.740636915192525,"Bacteria","Firmicutes","CFGB73062","OFGB73062","FGB73062","GGB9059"
"GGB9063_SGB13982",0.209146706686195,0.63570185279367,"Bacteria","Firmicutes","CFGB2834","OFGB2834","FGB2834","GGB9063"
"GGB9091_SGB14020",0.220997222738452,0.638636468682318,"Bacteria","Firmicutes","CFGB2840","OFGB2840","FGB2840","GGB9091"
"GGB9109_SGB14042",0.943182591652288,0.988832259693554,"Bacteria","Firmicutes","CFGB78183","OFGB78183","FGB78183","GGB9109"
"GGB9176_SGB14114",0.434128116823621,0.736891817893697,"Bacteria","Firmicutes","CFGB2875","OFGB2875","FGB2875","GGB9176"
"GGB9185_SGB14124",0.1653113121924,0.623849173981767,"Bacteria","Firmicutes","CFGB2881","OFGB2881","FGB2881","GGB9185"
"GGB9186_SGB14125",0.483358618646836,0.773125385687257,"Bacteria","Firmicutes","Clostridia","Eubacteriales","Christensenellaceae","GGB9186"
"GGB9198_SGB14137",0.886523388174454,0.969175711925789,"Bacteria","Firmicutes","CFGB2890","OFGB2890","FGB2890","GGB9198"
"GGB9211_SGB14151",0.890799171080359,0.971630947715429,"Bacteria","Firmicutes","CFGB2898","OFGB2898","FGB2898","GGB9211"
"GGB9237_SGB14179",0.217171209916718,0.63570185279367,"Bacteria","Firmicutes","Clostridia","Eubacteriales","Oscillospiraceae","GGB9237"
"GGB9238_SGB14180",0.634508322151061,0.861118437205011,"Bacteria","Firmicutes","CFGB2917","OFGB2917","FGB2917","GGB9238"
"GGB9240_SGB14182",0.934351886022472,0.988832259693554,"Bacteria","Firmicutes","CFGB2918","OFGB2918","FGB2918","GGB9240"
"GGB9261_SGB14209",0.401713583757033,0.723827903541498,"Bacteria","Firmicutes","CFGB2932","OFGB2932","FGB2932","GGB9261"
"GGB9266_SGB14216",0.313433771657869,0.690000859087193,"Bacteria","Firmicutes","CFGB2936","OFGB2936","FGB2936","GGB9266"
"GGB9289_SGB14244",0.294783948968189,0.675594342187795,"Bacteria","Firmicutes","CFGB2918","OFGB2918","FGB2918","GGB9289"
"GGB9291_SGB14248",0.326433141648529,0.690000859087193,"Bacteria","Firmicutes","CFGB2950","OFGB2950","FGB2950","GGB9291"
"GGB9296_SGB14253",0.480998698490784,0.77305925250923,"Bacteria","Firmicutes","CFGB9272","OFGB9272","FGB9272","GGB9296"
"GGB9301_SGB14262",0.276236889327031,0.662177800338482,"Bacteria","Firmicutes","CFGB2959","OFGB2959","FGB2959","GGB9301"
"GGB9342_SGB14306",0.247824222879418,0.648748743448787,"Bacteria","Firmicutes","CFGB2982","OFGB2982","FGB2982","GGB9342"
"GGB9343_SGB14307",0.182561214461189,0.63570185279367,"Bacteria","Firmicutes","CFGB2983","OFGB2983","FGB2983","GGB9343"
"GGB9345_SGB14311",0.586065016614787,0.831855087160077,"Bacteria","Firmicutes","CFGB10477","OFGB10477","FGB10477","GGB9345"
"GGB9350_SGB14317",0.764148949315475,0.929925064352924,"Bacteria","Firmicutes","CFGB2985","OFGB2985","FGB2985","GGB9350"
"GGB9359_SGB14334",0.50862562859788,0.783291375552983,"Bacteria","Actinobacteria","CFGB77988","OFGB77988","FGB77988","GGB9359"
"GGB9361_SGB14336",0.506831146365597,0.783291375552983,"Bacteria","Actinobacteria","CFGB77988","OFGB77988","FGB77988","GGB9361"
"GGB9365_SGB14341",0.0356840486523006,0.600750593146475,"Bacteria","Actinobacteria","Coriobacteriia","Eggerthellales","Eggerthellaceae","GGB9365"
"GGB9412_SGB14768",0.201386865236287,0.63570185279367,"Bacteria","Actinobacteria","CFGB2992","OFGB2992","FGB2992","GGB9412"
"GGB9412_SGB14770",0.314492702436632,0.690000859087193,"Bacteria","Actinobacteria","CFGB2992","OFGB2992","FGB2992","GGB9412"
"GGB9452_SGB14843",0.191428638299992,0.63570185279367,"Bacteria","Firmicutes","Clostridia","Eubacteriales","Oscillospiraceae","GGB9452"
"GGB9453_SGB14844",0.980964532451908,0.992763074938443,"Bacteria","Firmicutes","Clostridia","Eubacteriales","Oscillospiraceae","GGB9453"
"GGB9469_SGB14862",0.678955918701957,0.875065724541472,"Bacteria","Firmicutes","Clostridia","Eubacteriales","Oscillospiraceae","GGB9469"
"GGB9469_SGB14863",0.944146798062987,0.988832259693554,"Bacteria","Firmicutes","Clostridia","Eubacteriales","Oscillospiraceae","GGB9469"
"GGB9480_SGB14874",0.849520772290507,0.957101095163126,"Bacteria","Firmicutes","CFGB3012","OFGB3012","FGB3012","GGB9480"
"GGB9491_SGB14888",0.507783356336739,0.783291375552983,"Bacteria","Firmicutes","CFGB9491","OFGB9491","FGB9491","GGB9491"
"GGB9495_SGB14892",0.429115688933569,0.732606205164846,"Bacteria","Firmicutes","Clostridia","Eubacteriales","Oscillospiraceae","GGB9495"
"GGB9501_SGB14898",0.849853773803591,0.957101095163126,"Bacteria","Firmicutes","CFGB3023","OFGB3023","FGB3023","GGB9501"
"GGB9502_SGB14899",0.854395670377562,0.95719922083375,"Bacteria","Firmicutes","CFGB3023","OFGB3023","FGB3023","GGB9502"
"GGB9509_SGB14906",0.115711050386354,0.611945762102077,"Bacteria","Firmicutes","Firmicutes_unclassified","Firmicutes_unclassified","Firmicutes_unclassified","GGB9509"
"GGB9512_SGB14909",0.294341386179822,0.675594342187795,"Bacteria","Firmicutes","Firmicutes_unclassified","Firmicutes_unclassified","Firmicutes_unclassified","GGB9512"
"GGB9522_SGB14921",0.0575607644786693,0.600750593146475,"Bacteria","Firmicutes","CFGB79291","OFGB79291","FGB79291","GGB9522"
"GGB9524_SGB14923",0.147197409212615,0.623849173981767,"Bacteria","Firmicutes","CFGB75721","OFGB75721","FGB75721","GGB9524"
"GGB9524_SGB14924",0.74782315128073,0.91573354699449,"Bacteria","Firmicutes","CFGB75721","OFGB75721","FGB75721","GGB9524"
"GGB9533_SGB14936",0.218016594676267,0.63570185279367,"Bacteria","Firmicutes","CFGB3038","OFGB3038","FGB3038","GGB9533"
"GGB9534_SGB14937",0.545023443646168,0.800545656627414,"Bacteria","Firmicutes","CFGB3038","OFGB3038","FGB3038","GGB9534"
"GGB9537_SGB14940",0.244071968283014,0.643077390399694,"Bacteria","Firmicutes","CFGB3038","OFGB3038","FGB3038","GGB9537"
"GGB9545_SGB14952",0.643619748334484,0.866938131260863,"Bacteria","Firmicutes","CFGB82363","OFGB82363","FGB82363","GGB9545"
"GGB9547_SGB14954",0.697377637189097,0.885418191476196,"Bacteria","Firmicutes","CFGB3041","OFGB3041","FGB3041","GGB9547"
"GGB9548_SGB14955",0.796355586815728,0.938433347931924,"Bacteria","Firmicutes","CFGB3041","OFGB3041","FGB3041","GGB9548"
"GGB9551_SGB14958",0.336587269020969,0.690000859087193,"Bacteria","Firmicutes","CFGB3043","OFGB3043","FGB3043","GGB9551"
"GGB9559_SGB14969",0.364859191492305,0.704713270645808,"Bacteria","Firmicutes","CFGB3048","OFGB3048","FGB3048","GGB9559"
"GGB9563_SGB14975",0.287407736872925,0.672625144474007,"Bacteria","Firmicutes","Clostridia","Eubacteriales","Eubacteriales_unclassified","GGB9563"
"GGB9595_SGB15019",0.334728092462445,0.690000859087193,"Bacteria","Firmicutes","Clostridia","Eubacteriales","Oscillospiraceae","GGB9595"
"GGB9602_SGB15028",0.477245984439986,0.770131191329182,"Bacteria","Firmicutes","Clostridia","Eubacteriales","Oscillospiraceae","GGB9602"
"GGB9602_SGB15031",0.687965607984373,0.882814255125917,"Bacteria","Firmicutes","Clostridia","Eubacteriales","Oscillospiraceae","GGB9602"
"GGB9608_SGB15041",0.976153017105936,0.992763074938443,"Bacteria","Firmicutes","Clostridia","Eubacteriales","Oscillospiraceae","GGB9608"
"GGB9613_SGB15048",0.944485907397875,0.988832259693554,"Bacteria","Firmicutes","Clostridia","Eubacteriales","Oscillospiraceae","GGB9613"
"GGB9616_SGB15051",0.99126835953782,0.996343112231699,"Bacteria","Firmicutes","Clostridia","Eubacteriales","Oscillospiraceae","GGB9616"
"GGB9618_SGB15064",0.391499732575128,0.720604195271094,"Bacteria","Firmicutes","Clostridia","Eubacteriales","Oscillospiraceae","GGB9618"
"GGB9619_SGB15066",0.398503123312236,0.723006410823893,"Bacteria","Firmicutes","Clostridia","Eubacteriales","Oscillospiraceae","GGB9619"
"GGB9620_SGB15070",0.433073578690253,0.736891817893697,"Bacteria","Firmicutes","Clostridia","Eubacteriales","Oscillospiraceae","GGB9620"
"GGB9623_SGB15075",0.151359459247691,0.623849173981767,"Bacteria","Firmicutes","Clostridia","Eubacteriales","Oscillospiraceae","GGB9623"
"GGB9627_SGB15081",0.32933856979505,0.690000859087193,"Bacteria","Firmicutes","Clostridia","Eubacteriales","Oscillospiraceae","GGB9627"
"GGB9634_SGB15093",0.733653580304547,0.905190390364694,"Bacteria","Firmicutes","Clostridia","Eubacteriales","Oscillospiraceae","GGB9634"
"GGB9635_SGB15106",0.898339410496237,0.975466011830394,"Bacteria","Firmicutes","Clostridia","Eubacteriales","Oscillospiraceae","GGB9635"
"GGB9640_SGB15115",0.380994035864537,0.710143946595609,"Bacteria","Firmicutes","Clostridia","Eubacteriales","Oscillospiraceae","GGB9640"
"GGB9641_SGB15117",0.812320453186048,0.943346982929685,"Bacteria","Firmicutes","Clostridia","Eubacteriales","Oscillospiraceae","GGB9641"
"GGB9646_SGB15123",0.202057816522353,0.63570185279367,"Bacteria","Firmicutes","Clostridia","Eubacteriales","Oscillospiraceae","GGB9646"
"GGB9667_SGB15164",0.396992760454241,0.723006410823893,"Bacteria","Firmicutes","Clostridia","Eubacteriales","Oscillospiraceae","GGB9667"
"GGB9691_SGB15198",0.443558260848798,0.738789364291147,"Bacteria","Firmicutes","CFGB3054","OFGB3054","FGB3054","GGB9691"
"GGB9694_SGB15204",0.186642362079109,0.63570185279367,"Bacteria","Firmicutes","CFGB3054","OFGB3054","FGB3054","GGB9694"
"GGB9699_SGB15216",0.0424285585914753,0.600750593146475,"Bacteria","Firmicutes","Clostridia","Eubacteriales","Oscillospiraceae","GGB9699"
"GGB9707_SGB15229",0.0643319731706376,0.600750593146475,"Bacteria","Firmicutes","Clostridia","Eubacteriales","Oscillospiraceae","GGB9707"
"GGB9708_SGB15233",0.665830221277874,0.873180768802188,"Bacteria","Firmicutes","Clostridia","Eubacteriales","Oscillospiraceae","GGB9708"
"GGB9708_SGB15234",0.755523382157846,0.923243303093301,"Bacteria","Firmicutes","Clostridia","Eubacteriales","Oscillospiraceae","GGB9708"
"GGB9712_SGB15244",0.465302983084274,0.754995749412224,"Bacteria","Firmicutes","CFGB9989","OFGB9989","FGB9989","GGB9712"
"GGB9715_SGB15260",0.374662800543442,0.707296120256689,"Bacteria","Firmicutes","Clostridia","Eubacteriales","Oscillospiraceae","GGB9715"
"GGB9715_SGB15265",0.647243576388922,0.86730657833007,"Bacteria","Firmicutes","Clostridia","Eubacteriales","Oscillospiraceae","GGB9715"
"GGB9715_SGB15266",0.269782502161527,0.653917258325676,"Bacteria","Firmicutes","Clostridia","Eubacteriales","Oscillospiraceae","GGB9715"
"GGB9715_SGB15267",0.772569540923945,0.932466105746319,"Bacteria","Firmicutes","Clostridia","Eubacteriales","Oscillospiraceae","GGB9715"
"GGB9719_SGB15272",0.88018366315294,0.966375531102408,"Bacteria","Firmicutes","CFGB3057","OFGB3057","FGB3057","GGB9719"
"GGB9719_SGB15273",0.532498569724116,0.792122301600063,"Bacteria","Firmicutes","CFGB3057","OFGB3057","FGB3057","GGB9719"
"GGB9730_SGB15291",0.0471025700881195,0.600750593146475,"Bacteria","Firmicutes","Clostridia","Eubacteriales","Oscillospiraceae","GGB9730"
"GGB9747_SGB15356",0.793855200433274,0.938433347931924,"Bacteria","Firmicutes","CFGB3062","OFGB3062","FGB3062","GGB9747"
"GGB9758_SGB15368",0.040723371892839,0.600750593146475,"Bacteria","Firmicutes","CFGB38642","OFGB38642","FGB38642","GGB9758"
"GGB9759_SGB15370",0.657625451912613,0.871360400604353,"Bacteria","Firmicutes","Clostridia","Eubacteriales","Eubacteriales_unclassified","GGB9759"
"GGB9760_SGB15373",0.605584156567324,0.845234758810791,"Bacteria","Firmicutes","Clostridia","Eubacteriales","Eubacteriales_unclassified","GGB9760"
"GGB9760_SGB15374",0.115518740917591,0.611945762102077,"Bacteria","Firmicutes","Clostridia","Eubacteriales","Eubacteriales_unclassified","GGB9760"
"GGB9762_SGB15377",0.830613284580858,0.945884769327044,"Bacteria","Firmicutes","CFGB58251","OFGB58251","FGB58251","GGB9762"
"GGB9765_SGB15382",0.820856535987112,0.943346982929685,"Bacteria","Firmicutes","CFGB38642","OFGB38642","FGB38642","GGB9765"
"GGB9767_SGB15384",0.958393756224295,0.989980402941351,"Bacteria","Firmicutes","CFGB3069","OFGB3069","FGB3069","GGB9767"
"GGB9768_SGB15386",0.960113230181456,0.989980402941351,"Bacteria","Firmicutes","CFGB3069","OFGB3069","FGB3069","GGB9768"
"GGB9770_SGB15389",0.37244654835246,0.707296120256689,"Bacteria","Firmicutes","CFGB3069","OFGB3069","FGB3069","GGB9770"
"GGB9770_SGB15390",0.0808663696382428,0.600750593146475,"Bacteria","Firmicutes","CFGB3069","OFGB3069","FGB3069","GGB9770"
"GGB9770_SGB73065",0.197007154664103,0.63570185279367,"Bacteria","Firmicutes","CFGB3069","OFGB3069","FGB3069","GGB9770"
"GGB9775_SGB15395",0.109362900488919,0.611945762102077,"Bacteria","Firmicutes","CFGB3070","OFGB3070","FGB3070","GGB9775"
"GGB9780_SGB15400",0.57548578365452,0.831575667476483,"Bacteria","Firmicutes","CFGB3071","OFGB3071","FGB3071","GGB9780"
"GGB9781_SGB15402",0.106495793069517,0.611945762102077,"Bacteria","Firmicutes","CFGB3072","OFGB3072","FGB3072","GGB9781"
"GGB9781_SGB66170",0.0222106197770997,0.600750593146475,"Bacteria","Firmicutes","CFGB3072","OFGB3072","FGB3072","GGB9781"
"GGB9782_SGB15403",0.912271238193634,0.979509888104232,"Bacteria","Firmicutes","CFGB3072","OFGB3072","FGB3072","GGB9782"
"GGB9783_SGB15405",0.518313986040235,0.78479932590668,"Bacteria","Firmicutes","CFGB3072","OFGB3072","FGB3072","GGB9783"
"GGB9784_SGB15407",0.984474545029295,0.994606358528739,"Bacteria","Firmicutes","CFGB3072","OFGB3072","FGB3072","GGB9784"
"GGB9786_SGB15409",0.115855008933639,0.611945762102077,"Bacteria","Firmicutes","CFGB3072","OFGB3072","FGB3072","GGB9786"
"GGB9787_SGB15410",0.67596659008439,0.874869787523166,"Bacteria","Firmicutes","CFGB3072","OFGB3072","FGB3072","GGB9787"
"GGB9788_SGB15411",0.46220895425157,0.752047165895511,"Bacteria","Firmicutes","CFGB3072","OFGB3072","FGB3072","GGB9788"
"GGB9790_SGB15413",0.95913127966911,0.989980402941351,"Bacteria","Firmicutes","CFGB45503","OFGB45503","FGB45503","GGB9790"
"GGB9813_SGB15447",0.114505307535183,0.611945762102077,"Bacteria","Proteobacteria","Deltaproteobacteria","Desulfovibrionales","Desulfovibrionaceae","GGB9813"
"GGB9832_SGB15478",0.674462943027682,0.874869787523166,"Bacteria","Actinobacteria","Actinomycetia","Actinomycetales","Actinomycetaceae","GGB9832"
"Gordonibacter_pamelaeae",0.104996127584003,0.611945762102077,"Bacteria","Actinobacteria","Coriobacteriia","Eggerthellales","Eggerthellaceae","Gordonibacter"
"Gordonibacter_urolithinfaciens",0.267662769043958,0.653917258325676,"Bacteria","Actinobacteria","Coriobacteriia","Eggerthellales","Eggerthellaceae","Gordonibacter"
"Granulicatella_SGB8255",0.162882243088087,0.623849173981767,"Bacteria","Firmicutes","Bacilli","Lactobacillales","Carnobacteriaceae","Granulicatella"
"Guopingia_tenuis",0.197038166441504,0.63570185279367,"Bacteria","Firmicutes","Clostridia","Eubacteriales","Christensenellaceae","Guopingia"
"Holdemania_filiformis",0.139183160996447,0.623849173981767,"Bacteria","Firmicutes","Erysipelotrichia","Erysipelotrichales","Erysipelotrichaceae","Holdemania"
"Holdemania_sp_1001095H_141210_F2",0.0978954207104819,0.611945762102077,"Bacteria","Firmicutes","Erysipelotrichia","Erysipelotrichales","Erysipelotrichaceae","Holdemania"
"Hungatella_hathewayi",0.793035664986692,0.938433347931924,"Bacteria","Firmicutes","Clostridia","Eubacteriales","Clostridiaceae","Hungatella"
"Hydrogeniiclostridium_mannosilyticum",0.213658293206937,0.63570185279367,"Bacteria","Firmicutes","Clostridia","Eubacteriales","Oscillospiraceae","Hydrogeniiclostridium"
"Hydrogenoanaerobacterium_saccharovorans",0.948273461724086,0.988832259693554,"Bacteria","Firmicutes","Clostridia","Eubacteriales","Oscillospiraceae","Hydrogenoanaerobacterium"
"Intestinibacter_bartlettii",0.373999014816321,0.707296120256689,"Bacteria","Firmicutes","Clostridia","Eubacteriales","Peptostreptococcaceae","Intestinibacter"
"Intestinimonas_butyriciproducens",0.886902731286927,0.969175711925789,"Bacteria","Firmicutes","Clostridia","Eubacteriales","Eubacteriales_unclassified","Intestinimonas"
"Intestinimonas_gabonensis",0.923853969432265,0.987568036289663,"Bacteria","Firmicutes","Clostridia","Eubacteriales","Eubacteriales_unclassified","Intestinimonas"
"Intestinimonas_massiliensis",0.123696278754059,0.617433120221533,"Bacteria","Firmicutes","Clostridia","Eubacteriales","Eubacteriales_unclassified","Intestinimonas"
"Intestinimonas_sp_MSJ_38",0.206149220575622,0.63570185279367,"Bacteria","Firmicutes","Clostridia","Eubacteriales","Eubacteriales_unclassified","Intestinimonas"
"Kineothrix_SGB4886",0.0982553644032903,0.611945762102077,"Bacteria","Firmicutes","Clostridia","Eubacteriales","Lachnospiraceae","Kineothrix"
"Klebsiella_pneumoniae",0.341139404657201,0.690000859087193,"Bacteria","Proteobacteria","Gammaproteobacteria","Enterobacterales","Enterobacteriaceae","Klebsiella"
"Lachnoclostridium_sp_An131",0.239453503865275,0.643077390399694,"Bacteria","Firmicutes","Clostridia","Eubacteriales","Lachnospiraceae","Lachnoclostridium"
"Lachnospira_eligens",0.978797226372984,0.992763074938443,"Bacteria","Firmicutes","Clostridia","Eubacteriales","Lachnospiraceae","Lachnospira"
"Lachnospira_pectinoschiza",0.233216369215468,0.643077390399694,"Bacteria","Firmicutes","Clostridia","Eubacteriales","Lachnospiraceae","Lachnospira"
"Lachnospira_sp_NSJ_43",0.906857141280909,0.979509888104232,"Bacteria","Firmicutes","Clostridia","Eubacteriales","Lachnospiraceae","Lachnospira"
"Lachnospiraceae_bacterium",0.53256439971753,0.792122301600063,"Bacteria","Firmicutes","Clostridia","Eubacteriales","Lachnospiraceae","Lachnospiraceae_unclassified"
"Lachnospiraceae_bacterium_AM48_27BH",0.11636320094301,0.611945762102077,"Bacteria","Firmicutes","Clostridia","Eubacteriales","Lachnospiraceae","Lachnospiraceae_unclassified"
"Lachnospiraceae_bacterium_CLA_AA_H215",0.326113336699154,0.690000859087193,"Bacteria","Firmicutes","Clostridia","Eubacteriales","Lachnospiraceae","Lachnospiraceae_unclassified"
"Lachnospiraceae_bacterium_CLA_AA_H244",0.784171469057459,0.938433347931924,"Bacteria","Firmicutes","Clostridia","Eubacteriales","Lachnospiraceae","Lachnospiraceae_unclassified"
"Lachnospiraceae_bacterium_EP_SM_12S_S03",0.221763757332699,0.638636468682318,"Bacteria","Firmicutes","Clostridia","Eubacteriales","Lachnospiraceae","Lachnospiraceae_unclassified"
"Lachnospiraceae_bacterium_OF09_6",0.28225973550138,0.667674635382783,"Bacteria","Firmicutes","Clostridia","Eubacteriales","Lachnospiraceae","Lachnospiraceae_unclassified"
"Lachnospiraceae_bacterium_OM04_12BH",0.213147023969225,0.63570185279367,"Bacteria","Firmicutes","Clostridia","Eubacteriales","Lachnospiraceae","Lachnospiraceae_unclassified"
"Lachnotalea_sp_AF33_28",0.36393114571143,0.704713270645808,"Bacteria","Firmicutes","Clostridia","Eubacteriales","Lachnospiraceae","Lachnotalea"
"Lacrimispora_amygdalina",0.169900116977035,0.625444805621711,"Bacteria","Firmicutes","Clostridia","Eubacteriales","Lachnospiraceae","Lacrimispora"
"Lacticaseibacillus_paracasei",0.0492564667300946,0.600750593146475,"Bacteria","Firmicutes","Bacilli","Lactobacillales","Lactobacillaceae","Lacticaseibacillus"
"Lacticaseibacillus_rhamnosus",0.988490079611757,0.996343112231699,"Bacteria","Firmicutes","Bacilli","Lactobacillales","Lactobacillaceae","Lacticaseibacillus"
"Lactobacillus_delbrueckii",0.412906816596287,0.727400925838693,"Bacteria","Firmicutes","Bacilli","Lactobacillales","Lactobacillaceae","Lactobacillus"
"Lactobacillus_gasseri",0.3290891168975,0.690000859087193,"Bacteria","Firmicutes","Bacilli","Lactobacillales","Lactobacillaceae","Lactobacillus"
"Lactococcus_cremoris",0.952664508603505,0.989628563611048,"Bacteria","Firmicutes","Bacilli","Lactobacillales","Streptococcaceae","Lactococcus"
"Lactococcus_lactis",0.806979543233229,0.9426579099481,"Bacteria","Firmicutes","Bacilli","Lactobacillales","Streptococcaceae","Lactococcus"
"Lawsonibacter_asaccharolyticus",0.525979009040043,0.790310296746392,"Bacteria","Firmicutes","Clostridia","Eubacteriales","Oscillospiraceae","Lawsonibacter"
"Lawsonibacter_faecis",0.868422889458994,0.961468199043887,"Bacteria","Firmicutes","Clostridia","Eubacteriales","Oscillospiraceae","Lawsonibacter"
"Lawsonibacter_hominis",0.875694640688518,0.964082510963621,"Bacteria","Firmicutes","Clostridia","Eubacteriales","Oscillospiraceae","Lawsonibacter"
"Lentihominibacter_faecis",0.130307269570145,0.623849173981767,"Bacteria","Firmicutes","Clostridia","Eubacteriales","Eubacteriales_Family_XIII_Incertae_Sedis","Lentihominibacter"
"Lentihominibacter_hominis",0.559388167647827,0.813529952455728,"Bacteria","Firmicutes","Clostridia","Eubacteriales","Eubacteriales_Family_XIII_Incertae_Sedis","Lentihominibacter"
"Lentihominibacter_SGB71368",0.330169260198169,0.690000859087193,"Bacteria","Firmicutes","Clostridia","Eubacteriales","Eubacteriales_Family_XIII_Incertae_Sedis","Lentihominibacter"
"Leuconostoc_carnosum",0.0188825761249733,0.600750593146475,"Bacteria","Firmicutes","Bacilli","Lactobacillales","Lactobacillaceae","Leuconostoc"
"Longibaculum_muris",0.378494748619456,0.707725101386856,"Bacteria","Firmicutes","Erysipelotrichia","Erysipelotrichales","Erysipelotrichaceae","Longibaculum"
"Longicatena_caecimuris",0.0846558560800636,0.600750593146475,"Bacteria","Firmicutes","Erysipelotrichia","Erysipelotrichales","Erysipelotrichaceae","Longicatena"
"Luoshenia_tenuis",0.00185271265327116,0.272811938194178,"Bacteria","Firmicutes","Clostridia","Eubacteriales","Christensenellaceae","Luoshenia"
"Marvinbryantia_SGB4691",0.0747098206531428,0.600750593146475,"Bacteria","Firmicutes","Clostridia","Eubacteriales","Lachnospiraceae","Marvinbryantia"
"Massiliimalia_massiliensis",0.44402620536344,0.738789364291147,"Bacteria","Firmicutes","Clostridia","Eubacteriales","Oscillospiraceae","Massiliimalia"
"Massiliimalia_timonensis",0.0276773794878989,0.600750593146475,"Bacteria","Firmicutes","Clostridia","Eubacteriales","Oscillospiraceae","Massiliimalia"
"Massilimicrobiota_timonensis",0.211766306589994,0.63570185279367,"Bacteria","Firmicutes","Erysipelotrichia","Erysipelotrichales","Erysipelotrichaceae","Massilimicrobiota"
"Massilioclostridium_coli",0.41731793160723,0.727400925838693,"Bacteria","Firmicutes","Clostridia","Eubacteriales","Clostridiaceae","Massilioclostridium"
"Massilistercora_timonensis",0.0876831961747393,0.607592971140252,"Bacteria","Firmicutes","Clostridia","Eubacteriales","Eubacteriales_unclassified","Massilistercora"
"Mediterraneibacter_butyricigenes",0.000352690827418612,0.103867448674781,"Bacteria","Firmicutes","Clostridia","Eubacteriales","Lachnospiraceae","Mediterraneibacter"
"Mediterraneibacter_faecis",0.0546812242520107,0.600750593146475,"Bacteria","Firmicutes","Clostridia","Eubacteriales","Lachnospiraceae","Mediterraneibacter"
"Mediterraneibacter_glycyrrhizinilyticus",0.210384988057656,0.63570185279367,"Bacteria","Firmicutes","Clostridia","Eubacteriales","Lachnospiraceae","Mediterraneibacter"
"Mediterraneibacter_massiliensis",0.14108341322078,0.623849173981767,"Bacteria","Firmicutes","Clostridia","Eubacteriales","Lachnospiraceae","Mediterraneibacter"
"Mediterraneibacter_SGB48424",0.816679971951081,0.943346982929685,"Bacteria","Firmicutes","Clostridia","Eubacteriales","Lachnospiraceae","Mediterraneibacter"
"Mediterraneibacter_sp_NSJ_151",0.164751918565875,0.623849173981767,"Bacteria","Firmicutes","Clostridia","Eubacteriales","Lachnospiraceae","Mediterraneibacter"
"Merdimonas_faecis",0.0992654613550753,0.611945762102077,"Bacteria","Firmicutes","Clostridia","Eubacteriales","Lachnospiraceae","Merdimonas"
"Methanobrevibacter_smithii",0.0495373620193545,0.600750593146475,"Archaea","Euryarchaeota","Methanobacteria","Methanobacteriales","Methanobacteriaceae","Methanobrevibacter"
"Mogibacterium_kristiansenii",0.405447313608259,0.725861603997764,"Bacteria","Firmicutes","Clostridia","Eubacteriales","Eubacteriales_Family_XIII_Incertae_Sedis","Mogibacterium"
"Monoglobus_pectinilyticus",0.22947864546266,0.643077390399694,"Bacteria","Firmicutes","Clostridia","Eubacteriales","Oscillospiraceae","Monoglobus"
"Muribaculum_gordoncarteri",0.881058845843792,0.966375531102408,"Bacteria","Bacteroidota","Bacteroidia","Bacteroidales","Muribaculaceae","Muribaculum"
"Negativibacillus_massiliensis",0.353634197336331,0.694301807436996,"Bacteria","Firmicutes","Firmicutes_unclassified","Firmicutes_unclassified","Firmicutes_unclassified","Negativibacillus"
"Neglectibacter_timonensis",0.126852885176085,0.622636244739282,"Bacteria","Firmicutes","Clostridia","Eubacteriales","Oscillospiraceae","Neglectibacter"
"Neobittarella_massiliensis",0.123492902136897,0.617433120221533,"Bacteria","Firmicutes","Clostridia","Eubacteriales","Oscillospiraceae","Neobittarella"
"Odoribacter_laneus",0.260646586765024,0.650512032222878,"Bacteria","Bacteroidota","Bacteroidia","Bacteroidales","Odoribacteraceae","Odoribacter"
"Odoribacter_splanchnicus",0.383513637468695,0.712585275927639,"Bacteria","Bacteroidota","Bacteroidia","Bacteroidales","Odoribacteraceae","Odoribacter"
"Oliverpabstia_intestinalis",0.0294995065052394,0.600750593146475,"Bacteria","Firmicutes","Clostridia","Eubacteriales","Lachnospiraceae","Oliverpabstia"
"Oscillibacter_sp_ER4",0.335630997943349,0.690000859087193,"Bacteria","Firmicutes","Clostridia","Eubacteriales","Oscillospiraceae","Oscillibacter"
"Oscillibacter_sp_MSJ_31",0.440758522279504,0.738789364291147,"Bacteria","Firmicutes","Clostridia","Eubacteriales","Oscillospiraceae","Oscillibacter"
"Oscillibacter_valericigenes",0.333448918862002,0.690000859087193,"Bacteria","Firmicutes","Clostridia","Eubacteriales","Oscillospiraceae","Oscillibacter"
"Oscillospiraceae_bacterium",0.339928060100998,0.690000859087193,"Bacteria","Firmicutes","Clostridia","Eubacteriales","Oscillospiraceae","Oscillospiraceae_unclassified"
"Oscillospiraceae_bacterium_CLA_AA_H250",0.422171572537279,0.727400925838693,"Bacteria","Firmicutes","Clostridia","Eubacteriales","Oscillospiraceae","Oscillospiraceae_unclassified"
"Oscillospiraceae_bacterium_Marseille_Q3528",0.608905680853669,0.847861574522011,"Bacteria","Firmicutes","Clostridia","Eubacteriales","Oscillospiraceae","Oscillospiraceae_unclassified"
"Oscillospiraceae_unclassified_SGB15256",0.420541018919777,0.727400925838693,"Bacteria","Firmicutes","Clostridia","Eubacteriales","Oscillospiraceae","Oscillospiraceae_unclassified"
"Oxalobacter_formigenes",0.530743362736867,0.792122301600063,"Bacteria","Proteobacteria","Betaproteobacteria","Burkholderiales","Oxalobacteraceae","Oxalobacter"
"Parabacteroides_distasonis",0.345586168812771,0.690000859087193,"Bacteria","Bacteroidota","Bacteroidia","Bacteroidales","Tannerellaceae","Parabacteroides"
"Parabacteroides_goldsteinii",0.0742292248778559,0.600750593146475,"Bacteria","Bacteroidota","Bacteroidia","Bacteroidales","Tannerellaceae","Parabacteroides"
"Parabacteroides_johnsonii",0.201544585618108,0.63570185279367,"Bacteria","Bacteroidota","Bacteroidia","Bacteroidales","Tannerellaceae","Parabacteroides"
"Parabacteroides_merdae",0.736419242494222,0.905534308620244,"Bacteria","Bacteroidota","Bacteroidia","Bacteroidales","Tannerellaceae","Parabacteroides"
"Paraprevotella_clara",0.447701397177738,0.740636915192525,"Bacteria","Bacteroidota","Bacteroidia","Bacteroidales","Prevotellaceae","Paraprevotella"
"Parasutterella_excrementihominis",0.950219115427082,0.988832259693554,"Bacteria","Proteobacteria","Betaproteobacteria","Burkholderiales","Sutterellaceae","Parasutterella"
"Parasutterella_SGB9260",0.176366628905945,0.63570185279367,"Bacteria","Proteobacteria","Betaproteobacteria","Burkholderiales","Sutterellaceae","Parasutterella"
"Phascolarctobacterium_faecium",0.802977171179569,0.940522077368175,"Bacteria","Firmicutes","Negativicutes","Acidaminococcales","Acidaminococcaceae","Phascolarctobacterium"
"Phascolarctobacterium_succinatutens",0.128389414205338,0.623849173981767,"Bacteria","Firmicutes","Negativicutes","Acidaminococcales","Acidaminococcaceae","Phascolarctobacterium"
"Phocaeicola_coprocola",0.76121056132245,0.928267123434623,"Bacteria","Bacteroidota","Bacteroidia","Bacteroidales","Bacteroidaceae","Phocaeicola"
"Phocaeicola_dorei",0.12163984779065,0.617433120221533,"Bacteria","Bacteroidota","Bacteroidia","Bacteroidales","Bacteroidaceae","Phocaeicola"
"Phocaeicola_massiliensis",0.970888963107594,0.992763074938443,"Bacteria","Bacteroidota","Bacteroidia","Bacteroidales","Bacteroidaceae","Phocaeicola"
"Phocaeicola_plebeius",0.149237148518144,0.623849173981767,"Bacteria","Bacteroidota","Bacteroidia","Bacteroidales","Bacteroidaceae","Phocaeicola"
"Phocaeicola_vulgatus",0.225001839297848,0.640222624861991,"Bacteria","Bacteroidota","Bacteroidia","Bacteroidales","Bacteroidaceae","Phocaeicola"
"Phocea_massiliensis",0.997182342055195,0.998581377016205,"Bacteria","Firmicutes","Clostridia","Eubacteriales","Oscillospiraceae","Phocea"
"Prevotella_pectinovora",0.551576214867997,0.80614985249938,"Bacteria","Bacteroidota","Bacteroidia","Bacteroidales","Prevotellaceae","Prevotella"
"Propionibacterium_freudenreichii",0.269571258777968,0.653917258325676,"Bacteria","Actinobacteria","Actinomycetia","Propionibacteriales","Propionibacteriaceae","Propionibacterium"
"Provencibacterium_massiliense",0.316255887368001,0.690000859087193,"Bacteria","Firmicutes","Clostridia","Eubacteriales","Oscillospiraceae","Provencibacterium"
"Pseudoflavonifractor_capillosus",0.583218739962773,0.831855087160077,"Bacteria","Firmicutes","Clostridia","Eubacteriales","Oscillospiraceae","Pseudoflavonifractor"
"Pseudoflavonifractor_phocaeensis",0.230154828154357,0.643077390399694,"Bacteria","Firmicutes","Clostridia","Eubacteriales","Oscillospiraceae","Pseudoflavonifractor"
"Pseudoruminococcus_massiliensis",0.913052391181729,0.979509888104232,"Bacteria","Firmicutes","Clostridia","Eubacteriales","Oscillospiraceae","Pseudoruminococcus"
"Qiania_dongpingensis",0.194984779349664,0.63570185279367,"Bacteria","Firmicutes","Clostridia","Eubacteriales","Lachnospiraceae","Qiania"
"Rikenellaceae_bacterium",0.0860007661969124,0.603029182023588,"Bacteria","Bacteroidota","Bacteroidia","Bacteroidales","Rikenellaceae","Rikenellaceae_unclassified"
"Romboutsia_timonensis",0.495257194754467,0.781580197530073,"Bacteria","Firmicutes","Clostridia","Eubacteriales","Peptostreptococcaceae","Romboutsia"
"Roseburia_faecis",0.525871076753199,0.790310296746392,"Bacteria","Firmicutes","Clostridia","Eubacteriales","Lachnospiraceae","Roseburia"
"Roseburia_hominis",0.156978126478568,0.623849173981767,"Bacteria","Firmicutes","Clostridia","Eubacteriales","Lachnospiraceae","Roseburia"
"Roseburia_intestinalis",0.276563223910469,0.662177800338482,"Bacteria","Firmicutes","Clostridia","Eubacteriales","Lachnospiraceae","Roseburia"
"Roseburia_inulinivorans",0.768464749788188,0.932466105746319,"Bacteria","Firmicutes","Clostridia","Eubacteriales","Lachnospiraceae","Roseburia"
"Roseburia_lenta",0.401853522000119,0.723827903541498,"Bacteria","Firmicutes","Clostridia","Eubacteriales","Lachnospiraceae","Roseburia"
"Roseburia_sp_AF02_12",0.161492136656069,0.623849173981767,"Bacteria","Firmicutes","Clostridia","Eubacteriales","Lachnospiraceae","Roseburia"
"Roseburia_sp_AM59_24XD",0.669203680476738,0.87318497635374,"Bacteria","Firmicutes","Clostridia","Eubacteriales","Lachnospiraceae","Roseburia"
"Roseburia_sp_BX1005",0.300593955383774,0.68359011475306,"Bacteria","Firmicutes","Clostridia","Eubacteriales","Lachnospiraceae","Roseburia"
"Rothia_mucilaginosa",0.203252691099695,0.63570185279367,"Bacteria","Actinobacteria","Actinomycetia","Micrococcales","Micrococcaceae","Rothia"
"Rothia_SGB49305",0.58368974673013,0.831855087160077,"Bacteria","Actinobacteria","Actinomycetia","Micrococcales","Micrococcaceae","Rothia"
"Ruminococcus_bicirculans",0.866169476625077,0.961468199043887,"Bacteria","Firmicutes","Clostridia","Eubacteriales","Oscillospiraceae","Ruminococcus"
"Ruminococcus_bromii",0.317525662670184,0.690000859087193,"Bacteria","Firmicutes","Clostridia","Eubacteriales","Oscillospiraceae","Ruminococcus"
"Ruminococcus_callidus",0.231480554153447,0.643077390399694,"Bacteria","Firmicutes","Clostridia","Eubacteriales","Oscillospiraceae","Ruminococcus"
"Ruminococcus_gauvreauii",0.32509458313502,0.690000859087193,"Bacteria","Firmicutes","Clostridia","Eubacteriales","Oscillospiraceae","Ruminococcus"
"Ruminococcus_gnavus",0.287778499842869,0.672625144474007,"Bacteria","Firmicutes","Clostridia","Eubacteriales","Lachnospiraceae","Mediterraneibacter"
"Ruminococcus_lactaris",0.658328316246073,0.871360400604353,"Bacteria","Firmicutes","Clostridia","Eubacteriales","Lachnospiraceae","Mediterraneibacter"
"Ruminococcus_SGB4421",0.29999898296719,0.68359011475306,"Bacteria","Firmicutes","Clostridia","Eubacteriales","Oscillospiraceae","Ruminococcus"
"Ruminococcus_sp_AF41_9",0.0438848380064632,0.600750593146475,"Bacteria","Firmicutes","Clostridia","Eubacteriales","Oscillospiraceae","Ruminococcus"
"Ruminococcus_torques",0.437035660263621,0.738789364291147,"Bacteria","Firmicutes","Clostridia","Eubacteriales","Lachnospiraceae","Mediterraneibacter"
"Ruthenibacterium_lactatiformans",0.677318545179225,0.874869787523166,"Bacteria","Firmicutes","Clostridia","Eubacteriales","Oscillospiraceae","Ruthenibacterium"
"Sanguibacteroides_justesenii",0.793793238884276,0.938433347931924,"Bacteria","Bacteroidota","Bacteroidia","Bacteroidales","Porphyromonadaceae","Sanguibacteroides"
"Schaalia_odontolytica",0.788020529959548,0.938433347931924,"Bacteria","Actinobacteria","Actinomycetia","Actinomycetales","Actinomycetaceae","Schaalia"
"Schaalia_SGB17153",0.139950235553955,0.623849173981767,"Bacteria","Actinobacteria","Actinomycetia","Actinomycetales","Actinomycetaceae","Schaalia"
"Schaalia_SGB17154",0.326271905191353,0.690000859087193,"Bacteria","Actinobacteria","Actinomycetia","Actinomycetales","Actinomycetaceae","Schaalia"
"Schaalia_SGB17157",0.0618022678917077,0.600750593146475,"Bacteria","Actinobacteria","Actinomycetia","Actinomycetales","Actinomycetaceae","Schaalia"
"Schaalia_SGB17158",0.791079108454763,0.938433347931924,"Bacteria","Actinobacteria","Actinomycetia","Actinomycetales","Actinomycetaceae","Schaalia"
"Segatella_copri",0.452681306399506,0.740636915192525,"Bacteria","Bacteroidota","Bacteroidia","Bacteroidales","Prevotellaceae","Segatella"
"Sellimonas_intestinalis",0.617830073058597,0.851561327719529,"Bacteria","Firmicutes","Clostridia","Eubacteriales","Lachnospiraceae","Sellimonas"
"Senegalimassilia_anaerobia",0.851682034399741,0.95719922083375,"Bacteria","Actinobacteria","Coriobacteriia","Coriobacteriales","Coriobacteriaceae","Senegalimassilia"
"Simiaoa_sunii",0.159759407036028,0.623849173981767,"Bacteria","Firmicutes","Clostridia","Eubacteriales","Lachnospiraceae","Simiaoa"
"Slackia_piriformis",0.320320511978651,0.690000859087193,"Bacteria","Actinobacteria","Coriobacteriia","Eggerthellales","Eggerthellaceae","Slackia"
"Streptococcus_anginosus",0.934440353451892,0.988832259693554,"Bacteria","Firmicutes","Bacilli","Lactobacillales","Streptococcaceae","Streptococcus"
"Streptococcus_australis",0.13856974307255,0.623849173981767,"Bacteria","Firmicutes","Bacilli","Lactobacillales","Streptococcaceae","Streptococcus"
"Streptococcus_gordonii",0.899283606831756,0.975466011830394,"Bacteria","Firmicutes","Bacilli","Lactobacillales","Streptococcaceae","Streptococcus"
"Streptococcus_mitis",0.257291010269205,0.650512032222878,"Bacteria","Firmicutes","Bacilli","Lactobacillales","Streptococcaceae","Streptococcus"
"Streptococcus_mutans",0.557522187990953,0.812823189917503,"Bacteria","Firmicutes","Bacilli","Lactobacillales","Streptococcaceae","Streptococcus"
"Streptococcus_oralis",0.255443961619255,0.650512032222878,"Bacteria","Firmicutes","Bacilli","Lactobacillales","Streptococcaceae","Streptococcus"
"Streptococcus_parasanguinis",0.447820606880394,0.740636915192525,"Bacteria","Firmicutes","Bacilli","Lactobacillales","Streptococcaceae","Streptococcus"
"Streptococcus_salivarius",0.492388239162021,0.781580197530073,"Bacteria","Firmicutes","Bacilli","Lactobacillales","Streptococcaceae","Streptococcus"
"Streptococcus_sanguinis",0.0545117146513005,0.600750593146475,"Bacteria","Firmicutes","Bacilli","Lactobacillales","Streptococcaceae","Streptococcus"
"Streptococcus_thermophilus",0.24282935497014,0.643077390399694,"Bacteria","Firmicutes","Bacilli","Lactobacillales","Streptococcaceae","Streptococcus"
"Streptococcus_vestibularis",0.963087896240058,0.989980402941351,"Bacteria","Firmicutes","Bacilli","Lactobacillales","Streptococcaceae","Streptococcus"
"Sutterella_wadsworthensis",0.122112832399327,0.617433120221533,"Bacteria","Proteobacteria","Betaproteobacteria","Burkholderiales","Sutterellaceae","Sutterella"
"Turicibacter_bilis",0.0976494613064015,0.611945762102077,"Bacteria","Firmicutes","Erysipelotrichia","Erysipelotrichales","Turicibacteraceae","Turicibacter"
"Turicibacter_sanguinis",0.657551722797885,0.871360400604353,"Bacteria","Firmicutes","Erysipelotrichia","Erysipelotrichales","Turicibacteraceae","Turicibacter"
"Tyzzerella_SGB4587",0.32331083212494,0.690000859087193,"Bacteria","Firmicutes","Clostridia","Eubacteriales","Lachnospiraceae","Tyzzerella"
"Veillonella_atypica",0.210497344935202,0.63570185279367,"Bacteria","Firmicutes","Negativicutes","Veillonellales","Veillonellaceae","Veillonella"
"Veillonella_dispar",0.211196770345588,0.63570185279367,"Bacteria","Firmicutes","Negativicutes","Veillonellales","Veillonellaceae","Veillonella"
"Veillonella_parvula",0.165021388365689,0.623849173981767,"Bacteria","Firmicutes","Negativicutes","Veillonellales","Veillonellaceae","Veillonella"
"Vescimonas_coprocola",0.904607817070916,0.979437507821267,"Bacteria","Firmicutes","Clostridia","Eubacteriales","Oscillospiraceae","Vescimonas"
"Vescimonas_SGB15087",0.364919435563619,0.704713270645808,"Bacteria","Firmicutes","Clostridia","Eubacteriales","Oscillospiraceae","Vescimonas"
"Wansuia_hejianensis",0.963069178501416,0.989980402941351,"Bacteria","Firmicutes","Clostridia","Eubacteriales","Lachnospiraceae","Wansuia"
"Wujia_chipingensis",0.377827691751673,0.707725101386856,"Bacteria","Firmicutes","Clostridia","Eubacteriales","Lachnospiraceae","Wujia"
"Yanshouia_hominis",0.139122792693694,0.623849173981767,"Bacteria","Firmicutes","Clostridia","Eubacteriales","Oscillospiraceae","Yanshouia"
"Yeguia_hominis",0.665651711027956,0.873180768802188,"Bacteria","Firmicutes","Clostridia","Eubacteriales","Yeguiaceae","Yeguia"
"Zhenhengia_yiwuensis",0.632289547354728,0.861118437205011,"Bacteria","Firmicutes","Clostridia","Eubacteriales","Lachnospiraceae","Zhenhengia"
"Zhenpiania_hominis",0.215878164236758,0.63570185279367,"Bacteria","Firmicutes","Clostridia","Eubacteriales","Eubacteriales_Family_XIII_Incertae_Sedis","Zhenpiania"
